acc_x, acc_y, angular_z, sec, nanosec, 
-0.03351759108739229,-0.002488643323203985,0.0001959109616629327,45,143000000,
-0.06782156624995446,0.0109493703853055,-0.00022828115972841535,45,148000000,
-0.028757247827010283,-0.009811984966079584,-0.0002522105713985194,45,153000000,
-0.025200600925712205,0.006205846922857304,0.00033420764182795287,45,158000000,
-0.07640038209152535,-0.018032583558831878,-6.426321818834093e-06,45,163000000,
-0.049399562481577404,0.0016680269800716267,-6.937331655701071e-05,45,168000000,
-0.0633757429501347,0.020931075937467063,0.00041811293601821216,45,173000000,
-0.03594403679720354,0.010380426451534721,-0.00013169728551906253,45,178000000,
-0.07094793688062913,-0.005774085735846991,0.00015932923503383638,45,183000000,
-0.058982294887648855,0.026403265471321158,-4.84187478158348e-05,45,188000000,
-0.03655919668640481,-0.016625400974637064,-0.00013530285991034328,45,193000000,
-0.05048525745224978,-0.007409121242396261,0.0002957092448897143,45,198000000,
-0.05413013781850896,-0.031032512452222175,-0.00026368229053980885,45,203000000,
-0.049897113751740885,0.015139151205947428,-4.883902518716693e-05,45,208000000,
-0.02144381048203898,0.014864792182606792,-0.00021720089887716754,45,213000000,
-0.07105227775728762,0.007313685571586367,3.149988217405809e-05,45,218000000,
-0.06165148431818201,-0.004942631077742973,-0.00034512799620459693,45,223000000,
-0.061223638279676994,0.01163954983675651,1.603641607039766e-05,45,228000000,
-0.055013387219337025,0.0041591205753100016,0.00041306965820318,45,233000000,
-0.06291376598279644,-0.012237723244498455,0.0002684522951791213,45,238000000,
-0.06752502891774505,-0.011275709633544155,-7.942451945722233e-06,45,243000000,
-0.06127206281229625,-0.0013046397898867953,0.00022712351752165644,45,248000000,
-0.0649815470323472,-0.03708176250565673,-0.00018176368422410688,45,253000000,
6.821620030469006,-0.004484676970924065,0.000172073388092354,45,258000000,
-0.05040815966680172,-0.027270319117693807,0.00020061010781546643,45,263000000,
-0.2713135392719,-0.011767392653097498,-4.248107799397291e-05,45,268000000,
-0.04899360620107123,0.011607692014847364,-1.0140328026687337e-05,45,273000000,
0.012856059696181466,-0.025817464783150657,-0.0001945551842129264,45,278000000,
-0.20916172714893339,-0.018244807582721366,-0.0001317579182859035,45,283000000,
-0.02803966168321802,-0.013497772966392589,9.765617061037624e-05,45,288000000,
8.775885961319899,0.019200834177711158,5.896215399986879e-05,45,293000000,
-0.23897360996726302,0.015326320824481734,-0.0002509586237702891,45,298000000,
-0.10840681065644776,-0.010177983663065526,-0.000374226657688348,45,303000000,
-0.08243175275904603,0.01254902540034468,-0.00012099330583330318,45,308000000,
-0.060153000492599314,-0.014023137377519743,8.82221996946489e-05,45,313000000,
-0.06787485250532298,0.012134676539696831,-4.591112433561917e-05,45,318000000,
-0.06825971924362498,-0.022339914864990252,-0.0002715771819545597,45,323000000,
6.909095015429083,-0.012670729383699935,2.4766995115962715e-05,45,328000000,
-0.1411899534129021,0.013418474849843133,-0.00027040580113831366,45,333000000,
-0.12733752862412845,-0.0006844009704693012,-0.0002662413187920285,45,338000000,
-0.08027698995866894,0.03443380800889964,0.00041676375839380246,45,343000000,
-0.03994229453366493,0.01452757503840408,-3.9803577364598214e-05,45,348000000,
-0.059531438883713365,0.038018738525052324,-9.71831739751034e-05,45,353000000,
5.617416191743936,-0.015169695865438766,-0.00015044853018093634,45,358000000,
1.2281966182556365,0.0008890105351233211,-3.504273358852899e-05,45,363000000,
-0.14826071762745063,0.027421644905116616,-0.00023759241046470794,45,368000000,
-0.058098565959895945,-0.006599531789027381,8.656208366141046e-05,45,373000000,
-0.04947465337226537,0.04193455097138571,0.00021465611305749877,45,378000000,
-0.06323689812614111,0.015953594443315382,0.00015455330062654193,45,383000000,
-0.06638679738230277,0.007160955190203191,-0.00033059201942879814,45,388000000,
6.736450238056084,-0.003741097000854641,-6.480375184996877e-05,45,393000000,
0.04024071539515167,-0.01424771395097271,0.00021661205714343834,45,398000000,
-0.11066369465168979,0.007194776277726846,2.6787784784349396e-05,45,403000000,
-0.09684350835781859,0.019319362323562954,-0.00011814656582416706,45,408000000,
-0.04286965880436279,-0.003910385348861884,-0.0003128133816699752,45,413000000,
-0.033421091227351936,0.003360982254444038,0.00016376009684530382,45,418000000,
-0.03747906815165398,0.007826301985115735,0.0005024193148308753,45,423000000,
6.954221192544804,-0.011158059536118392,-0.0003044878189981474,45,428000000,
-0.1784512137789707,0.0038825777371310315,0.00020368060633149868,45,433000000,
-0.1121649447858702,-0.017308342565007965,0.00020333866862961086,45,438000000,
-0.0643373026652378,0.022788806312327967,7.21345274857646e-06,45,443000000,
-0.03625396419113656,0.012318150176774402,0.0002595421460569554,45,448000000,
-0.06438393901712322,-0.013529211555596946,0.00018047075023359225,45,453000000,
-0.050222329038641454,0.013529566303489865,-0.00013786178920568995,45,458000000,
6.934510376815176,-0.009913882938734155,-5.8568836256371536e-05,45,463000000,
-0.13464372958365844,0.003600119455835704,0.00017490966017168712,45,468000000,
-0.0886598313669581,-0.024940502920772607,-7.266164136084312e-05,45,473000000,
-0.06495319033593344,0.0219492689260773,7.290914641822289e-05,45,478000000,
-0.01365729230657865,-0.007771801307339524,-7.558824181889769e-05,45,483000000,
-0.04958215580080982,-0.021644144386047608,-7.03949653446284e-05,45,488000000,
-0.0359396556993179,-0.004501166837264005,-0.00010547043186947974,45,493000000,
2.4019769804432833,0.005653351608319205,-0.00024326834972206624,45,498000000,
-0.07707821128362598,-0.006850817824411636,0.00023353333618941196,45,503000000,
-0.08404901484420695,0.0007126621708139799,0.00030558828172025994,45,508000000,
-0.029854104460599516,0.03318813824495049,-0.0003033747142756785,45,513000000,
-0.03263002625145283,0.012573688708949435,-2.4456858598994085e-05,45,518000000,
-0.046886828725501005,0.002846085192055857,0.0002222889732193428,45,523000000,
-0.024758709938916025,-0.01992741623426261,0.00015022267679713256,45,528000000,
-0.027229711102690575,0.009213346652501465,-6.764712641534678e-05,45,533000000,
-0.03085485105527074,-0.01267910507448656,-0.000150346575412556,45,538000000,
-0.01932794251480014,0.02377928501639478,2.549490500595878e-05,45,543000000,
-0.015626065625534473,-0.031115949922648975,-6.729553517467846e-05,45,548000000,
-0.053822379515713434,-0.001403929854286608,0.0003724310252726109,45,553000000,
-0.014847457410218092,0.0008841536427246249,1.634608928520771e-05,45,558000000,
-0.015700059389038915,-0.012811019854997854,0.00014538058460502817,45,563000000,
-0.04693630546429006,0.032243351469582404,-0.00015124909241514262,45,568000000,
-0.026104744993844502,0.018359916636367973,0.00012675418362789568,45,573000000,
-0.030496257946843873,-0.004120595220822884,-0.00021307000283335027,45,578000000,
-0.041035667245339184,0.02316985401361888,-5.002832160729618e-05,45,583000000,
-0.0034219413631210206,0.012301391121677161,0.00037496657701020433,45,588000000,
-0.05140645110392242,0.0034713357879996814,9.892704048921738e-05,45,593000000,
-0.01826391685565488,-0.01361802324142814,-4.284150783550591e-05,45,598000000,
-0.021098010944183766,-0.015380835667905905,-8.713416902642159e-05,45,603000000,
-0.021290839019700084,0.013549022108538472,-0.0003577202977635637,45,608000000,
-0.01604939902312375,0.0002447289166691174,1.8752073711371014e-05,45,613000000,
-0.02225005550862658,0.0009096454736146396,2.5335567687981788e-05,45,618000000,
-0.02955710681353497,-0.014731801366735808,0.00021393997870058787,45,623000000,
-0.017194273838078734,0.004039529402168271,0.00027035829494297006,45,628000000,
0.003125404475485174,-0.006648428540657113,-3.04430134523453e-05,45,633000000,
-0.027835566091448827,0.022851231883333555,-0.00030594763626696917,45,638000000,
-0.03174121246032892,0.0024449895832143096,-0.0005107335916597905,45,643000000,
-0.02550603259321139,-0.007992721147686815,-2.50826100931507e-05,45,648000000,
-0.002218688069894611,-0.00455651592981131,0.00016149804239353168,45,653000000,
-0.01186551564947677,-0.016682804114697084,3.176975102745773e-05,45,658000000,
-0.006283332617563437,0.015540166665556793,-0.00025276664513233186,45,663000000,
0.010991601046275699,0.017214495264106257,2.49324457500268e-05,45,668000000,
-0.038472252028465506,-0.004703451502131828,0.00010129994145740053,45,673000000,
-0.0010146536778279681,-0.0006881861307290188,-0.00018469877590267546,45,678000000,
-0.006385685047936594,-0.005452128374651069,-0.00023974086213640516,45,683000000,
-0.017416379573545762,0.04222487451591227,0.00013601719859230725,45,688000000,
-0.01029103117297294,-0.0008148974135511323,-4.748936166833569e-05,45,693000000,
-0.030070120351571146,0.01836824876330383,0.00023096812642722377,45,698000000,
-0.02271619729731841,0.0014400891419066098,0.00011518207480824458,45,703000000,
0.0013352003776662957,0.0012127609333868734,4.8705583122050865e-05,45,708000000,
-0.00887400226628683,-0.020586137466329275,4.897779001335574e-05,45,713000000,
0.0002985533722142525,0.028745139305269764,-2.6535299697864107e-05,45,718000000,
-0.022794376951242534,-0.0061882584934775916,-0.00019214239189698529,45,723000000,
-0.006960713469755015,-0.014361315751165254,-9.659756516246365e-05,45,728000000,
0.011226418294702287,-0.017486695285128494,0.0003260709922637794,45,733000000,
-0.004713165268482011,0.005557094779716615,-0.00011700078024478268,45,738000000,
-0.02219549549530112,0.005919297973006432,-0.00015945837695013836,45,743000000,
-0.01445250370321501,0.0042555084439756296,-0.0001323840704352731,45,748000000,
-0.032206919433198554,-0.01636689260568662,2.5028838361421766e-05,45,753000000,
-0.021023475507001583,0.006440373115403738,-0.00040707580706144417,45,758000000,
-0.025157030528724686,-0.03545389389346109,0.00020206022118782606,45,763000000,
-0.009270274728169721,0.0010908255152011952,-0.00035452514774767354,45,768000000,
-0.025790590367987504,-0.014492809707013735,0.00012584882721271425,45,773000000,
-0.013779487371341199,0.04334086398370633,0.0004372124528139217,45,778000000,
-0.005559840391758924,0.007866256780559262,0.00019170757997800472,45,783000000,
-0.0006468312915193127,0.015591443805688865,0.0004294091262772239,45,788000000,
-0.022053144576154142,0.018899704757023957,0.00015361932367151916,45,793000000,
0.012301577768743924,-0.008702891344889056,1.2783118100195074e-05,45,798000000,
-0.004925643496089555,-0.010759983538773936,-4.592295541466429e-05,45,803000000,
-0.015180440967612924,0.005206251116475916,-0.00013353594406129656,45,808000000,
-0.007138613719854187,0.027068372494273588,-2.479930566439406e-06,45,813000000,
-0.014668862215575016,-0.009223452810475808,9.585981974816219e-05,45,818000000,
0.004154536466938613,-0.001903076087589506,-0.0001883880807254522,45,823000000,
0.005207243613418731,-0.008290414519928834,5.470332348250203e-05,45,828000000,
0.0032289507982161784,0.026511169209123362,-1.0153058179964328e-05,45,833000000,
-0.01434406743266003,0.02614915130981974,-9.003404307399195e-06,45,838000000,
-0.004211617183317842,0.024548913721953773,0.00016896666632135773,45,843000000,
-0.017451366414872424,0.007759358412859095,-0.00013574752386042414,45,848000000,
-0.008139249947047088,0.0068868179360566505,0.0001882898524883785,45,853000000,
-0.00607308878820936,-0.026605707989612027,4.480853488401865e-05,45,858000000,
-0.002668505827002997,0.023879738690214945,0.00025264962240875054,45,863000000,
0.0023124404925295734,0.0059251458052096626,-0.00015191515245835285,45,868000000,
-0.004102668982941503,-0.0027748146471177886,-0.00034505850392163167,45,873000000,
-0.01660753828607962,0.03455518003996875,-8.889837201122188e-05,45,878000000,
-0.01534675562083113,0.024009204759769653,2.9658989880937994e-05,45,883000000,
-0.02109582135094221,-0.009695497598041503,0.00012277926993391569,45,888000000,
-0.021658624506913846,-0.0016169792784196727,-2.807419842433327e-06,45,893000000,
0.0010695496139277606,-0.006885074504562018,0.0002760864687875192,45,898000000,
0.0026476768177837433,0.010795260493658141,-0.00023722680121612266,45,903000000,
-0.008299721685864065,0.047470998292091435,0.00016598263589867872,45,908000000,
-0.02724453217650761,-0.006944738551169859,0.00017712245428661493,45,913000000,
-0.008042185537170916,-0.007437205450979533,1.6968486183256656e-05,45,918000000,
0.02176035182228002,0.004181607406232484,-0.00015752815897055055,45,923000000,
-0.0016871776806721226,-0.019483164889848165,-0.000125055302824935,45,928000000,
-0.015630089538503117,-0.0016076327536683334,-0.00019824156768364766,45,933000000,
-0.0051994064255103155,-0.007815370812311904,6.42741954845533e-05,45,938000000,
-0.007559721760440589,0.0017220531217352333,0.00031891726691212873,45,943000000,
-0.01985040270448869,0.014294303412349644,-1.9914313403436425e-05,45,948000000,
-0.006576167200577494,-0.015460323474884585,0.00013416169019165352,45,953000000,
-0.027281853846749717,-0.020942512427477772,2.6579885394595765e-05,45,958000000,
-0.003880636754096202,0.009860518010042675,4.424376695921001e-05,45,963000000,
-0.02581596147354054,0.01186319149170145,-0.00013042663027443754,45,968000000,
-0.03881747361989686,-0.005602189290643246,0.00015675811742616033,45,973000000,
-0.004302253490598455,0.008657948308307687,5.481705629889716e-06,45,978000000,
-0.01621662401571172,-0.034209538943029215,-9.564759508018026e-05,45,983000000,
-0.034234910029724244,0.008693420200823105,-0.0002740292935733098,45,988000000,
0.015347238928540454,0.00768154115108908,6.740048299472142e-05,45,993000000,
0.032715154616301874,0.013938159359008242,-1.0720071018089015e-06,45,998000000,
-0.041221596147848844,0.0393972443302804,-0.00020672765156098813,46,3000000,
-0.010353321064181742,-0.03062472709528963,0.00014833081410314496,46,8000000,
-0.03726723122966352,0.04595073664567044,0.0001745009616891334,46,13000000,
-0.011467549495991883,0.008594593227004638,-0.00013918022910828115,46,18000000,
-0.023959085421896738,-0.024675820644582375,0.0001497007569680568,46,23000000,
-0.00954860740457179,-0.0154833094704737,0.0003326618362982001,46,28000000,
0.02398913154924341,0.005934714764131116,-0.00033876592499505856,46,33000000,
-0.020208861257639807,0.001071636925931402,0.00011549930979964208,46,38000000,
0.0034885809317158623,-0.011078088129971004,0.0001589928008938598,46,43000000,
-0.012745090515956986,-0.02496554585066925,0.00014219437422449753,46,48000000,
-0.013636011010092758,-0.010712570025211587,0.00012760227752110686,46,53000000,
-0.037795412194684914,0.0053356395118415376,9.934593468300281e-05,46,58000000,
0.00656422372390409,-0.011874569839543147,-4.690953809686421e-05,46,63000000,
-0.025812138544461936,0.012926156695963108,-0.00018240502593887224,46,68000000,
-0.029755382394412822,-0.013427043524098674,-0.0002928083358773664,46,73000000,
-0.025937826342558222,-0.01817847974943981,0.00016060494272112313,46,78000000,
-0.019525242744102323,0.03947318744930279,2.0455134499002728e-05,46,83000000,
-0.010933441489469415,0.017698020515181448,0.0003001522395413886,46,88000000,
0.0014657184159816983,-0.0028205952485731095,0.00016305065505420487,46,93000000,
3.331963748783376e-05,0.04217664680148944,0.0002784551655801436,46,98000000,
-0.01564195848449324,0.0006255796008994528,-5.652534975516919e-05,46,103000000,
-0.016276326395652845,-0.026230446601101153,-0.00010152173158519404,46,108000000,
0.00916561400663558,-0.022197813164313594,0.00039817351652747247,46,113000000,
-0.048578990021714466,0.005593201318575806,2.7136688536036907e-05,46,118000000,
-0.051268389123538406,-0.0072789555786941205,-0.0001596449203455058,46,123000000,
0.0013962754579584895,0.008067427953154887,-0.00039910706852262274,46,128000000,
0.009529719483279755,0.008524555395098806,0.00017588170529284002,46,133000000,
-0.017312753467313636,0.011328141636517335,0.0002097569057587562,46,138000000,
-0.04668934973733395,-0.030379209447981153,-0.00012044768568105532,46,143000000,
0.01986747789858141,-0.00034751553284152043,-0.0001605838680224511,46,148000000,
-0.01675288585537229,0.0372444233003511,-5.513420511364488e-07,46,153000000,
-0.028006923406332894,0.0021853220415060702,4.725030932168942e-05,46,158000000,
-0.04607650541818098,-0.015192764506380886,0.0002729805031533032,46,163000000,
-0.010227972014185236,-0.013264095980283077,-0.00017453846711293496,46,168000000,
-0.03314840133380029,-0.03047440751902049,5.74754630833938e-05,46,173000000,
-0.013495932709345716,0.003830163986334515,0.000181120362256693,46,178000000,
-0.05577221736355868,-0.032169794203550546,-0.0002398331547842592,46,183000000,
-0.027786448143190697,0.016941289533589914,-7.180658207429245e-06,46,188000000,
-0.007900003874528369,-0.0031861729499378377,-0.0003179274388542344,46,193000000,
-0.030109230566671943,0.00369535623731781,0.0003657017386257263,46,198000000,
-0.019990778165799795,0.02297388813154724,-0.00016769806939205062,46,203000000,
-0.006804012546745862,-0.012692780370462271,-1.4965317921837087e-05,46,208000000,
-0.0357308243741938,0.020717767197740537,-2.8971481831612465e-05,46,213000000,
-0.04851856682480655,-0.0036199080686379038,-0.00010004079827091206,46,218000000,
-0.01367161684850035,-0.01951061412512181,-0.00012201130015074059,46,223000000,
0.010761421612723487,0.011570680882501082,-0.0004070990920411195,46,228000000,
-0.012457275590202876,0.03374324539892636,0.0003330149553585272,46,233000000,
-0.03122010344126674,0.013770633512099948,0.0005018280881975477,46,238000000,
-0.029768668587135817,0.007705495682543499,0.0002766747495078122,46,243000000,
-0.01983573647077134,0.004091799039210846,0.0001139186559758983,46,248000000,
-0.014837533215670391,0.001526537514152412,-5.813137045719889e-05,46,253000000,
0.007620577690231917,-0.020966864922558573,-0.00031702004261898077,46,258000000,
-0.014414379454730352,-0.02622636977844605,0.0001655766530252643,46,263000000,
-0.06461637192864259,0.016146309363994957,-1.6195296768876373e-05,46,268000000,
-0.022122922655947126,0.006216739429338366,9.450446479128043e-05,46,273000000,
-0.035957690057519844,0.03366011537836643,-0.0002907425825162175,46,278000000,
-0.04133482942865505,0.010015648106990531,-2.6267193329020982e-05,46,283000000,
-0.040473848327745775,0.0202011502637103,-0.00012860821733359396,46,288000000,
-0.033361138792104145,0.00882362771007911,-0.0002895466921992454,46,293000000,
-0.05672953155971258,-0.006570249742542833,-0.00018294165012733564,46,298000000,
-0.05351783178099612,-0.026756640235980587,-0.0004297418771821148,46,303000000,
-0.05466929305196082,0.02355426242775541,0.00012114150588154484,46,308000000,
-0.07115817356090777,0.006849151057965904,0.00010454819232560176,46,313000000,
-0.05770251659976678,-0.007448176140572102,-2.116380671203852e-05,46,318000000,
-0.020700657201751627,0.008738249571173704,-0.00019697424665181447,46,323000000,
-0.055361234740721944,-0.02616941282558096,0.00010378536551450188,46,328000000,
-0.06615975299811232,0.04939547034655443,9.330306325210074e-05,46,333000000,
-0.02407534666175059,-0.003686194178677788,-0.0003428344929685333,46,338000000,
-0.053644628902283276,0.013853532371362545,-0.0002852259910526566,46,343000000,
-0.022895292203610147,0.013685170178333783,-5.612067036123472e-05,46,348000000,
-0.052411644562759235,-0.016819077158490264,2.391388425713267e-05,46,353000000,
-0.04700391855251036,-0.02296961928009244,-0.00013957066716922497,46,358000000,
-0.012247580820468881,-0.005340492597769539,0.0003310013326714262,46,363000000,
-0.0270731757539524,-0.036900213243120844,-0.00015851142737776796,46,368000000,
-0.027546951362557796,0.0035926843492474704,0.00035017899812236675,46,373000000,
-0.0426977570200348,-0.024046695868546925,3.322027532176081e-05,46,378000000,
-0.0622141852088589,-0.007719017640110588,0.00010346013322315636,46,383000000,
-0.024340012892880843,-0.01603415141352684,-6.118799218075546e-05,46,388000000,
-0.046513443143878806,-0.004264409756662681,1.5290619926321027e-06,46,393000000,
-0.06091046733782264,-0.03173747445645868,-3.728257274194261e-05,46,398000000,
-0.005048186219246201,0.01495156515132054,-0.00014296187302141483,46,403000000,
-0.05866104202942115,0.006627406917356908,7.155793855594681e-05,46,408000000,
0.01114870130492251,0.0004486844575457531,0.0003626299129170723,46,413000000,
-0.1457271451023275,0.006636857945456212,-0.00025887646229424505,46,418000000,
-0.04959938180155405,0.012924664893720843,-2.9743468083112333e-05,46,423000000,
0.021869760433174783,-0.0002715330193212057,-0.0002322223085157887,46,428000000,
-0.15273067189901518,0.022225472345114506,0.00023474008125274904,46,433000000,
0.07653571755266818,0.01036056147569051,9.965952924545458e-05,46,438000000,
-0.06658703316575257,-0.006641734321653551,-0.000299067768050677,46,443000000,
-0.1273440606551052,0.005201170068385404,0.0001838304900955194,46,448000000,
0.04212624638539647,-0.004054194662527493,6.228793766143734e-05,46,453000000,
-0.07845680863474304,-0.0038826980317767505,-8.515727125401339e-05,46,458000000,
-0.15109581563309502,0.05080129068039427,-0.00031462095431935574,46,463000000,
0.03264513859909619,0.006798190631130694,-9.42518158848255e-06,46,468000000,
-0.05603765003247482,-0.036713989790205674,0.00028045049606219123,46,473000000,
-0.0658523492729121,-0.022288360814616798,0.00014631827973505648,46,478000000,
-0.04040868076381597,0.0002374014072627741,-2.493630566878919e-05,46,483000000,
-0.032364949560018466,0.029168197927080364,-0.0001737369857363916,46,488000000,
-0.08577535722539224,0.00616070502684073,6.0451754567039434e-05,46,493000000,
-0.08870685697697672,-0.012617840041140617,-8.062430986933071e-05,46,498000000,
-0.06411878375062133,0.0004446689841880415,-0.00021690589691780962,46,503000000,
-0.0638910900882767,-0.007253297795989242,-0.0002917731897304257,46,508000000,
-0.044190029777897835,-0.004939667879030521,-0.00015886266971471463,46,513000000,
-0.09158446733579564,0.005559462425317655,0.00024757022247851745,46,518000000,
-0.06841032931579194,0.023524115232302335,-0.00013221683037746202,46,523000000,
-0.08308944384929694,0.0016202468542632167,-0.0002005760964919704,46,528000000,
-0.07659019976809259,0.014728822989423188,-0.0002615529808208895,46,533000000,
-0.05447284648402582,0.005128026032572473,0.0003046035275775472,46,538000000,
-0.11138843394873038,0.0007861349442928512,-8.929504021152942e-05,46,543000000,
-0.06469212064663708,-0.02033404418661257,-0.00016959791786792908,46,548000000,
-0.0461626127639176,-0.01310742029946283,0.00010121005108387479,46,553000000,
-0.05311540875334182,0.004907757943906577,9.246941297312447e-05,46,558000000,
-0.04679025326632785,0.011730808633808895,0.00011313824348316264,46,563000000,
-0.07919277217001283,-0.004543331056184947,-0.00014711072152340436,46,568000000,
-0.07130030981298761,0.002211801150446692,-4.801415857022397e-05,46,573000000,
-0.07740568425763156,0.0057868215052409785,-0.00028679555228884845,46,578000000,
-0.05957046659765952,0.014577611692199139,0.0002767694195677801,46,583000000,
-0.06531364614960396,0.05486061313707589,-0.00026123490347025163,46,588000000,
-0.08427534393306861,-0.026064178412658005,3.0461392212767935e-05,46,593000000,
-0.06768675525218605,0.02406708617183941,0.0001098598850008262,46,598000000,
-0.06618877689652704,-0.003032036985936423,-3.837831177980446e-05,46,603000000,
-0.08676269664812304,0.0014945029250548764,0.00012064115845644474,46,608000000,
-0.04677002844417691,0.0032785027902243005,-8.52197436498045e-05,46,613000000,
-0.09595279469977099,0.018690585903580685,0.00010849784966473388,46,618000000,
-0.072182569824884,0.01349623545015723,-0.0001790955169126186,46,623000000,
-0.09493155490814782,-0.01519330118731615,-7.894988950893585e-05,46,628000000,
-0.06458471160281928,-0.013307672471410866,-0.00015715855596749049,46,633000000,
-0.05487683019315177,-0.009283342838836894,-4.841584125548161e-05,46,638000000,
-0.06283639855235983,-0.029748942672503224,-1.1568922608183899e-05,46,643000000,
-0.09051832306693544,1.333587690933427e-05,0.0002686427095435849,46,648000000,
-0.08188485395249595,0.007789075624493351,0.00012171934037088704,46,653000000,
-0.060298620390785936,0.017548307414539513,0.000247216535154408,46,658000000,
-0.03827263285534312,0.014874492739512593,0.0002550554735071609,46,663000000,
-0.07461499164111325,0.006308086167376833,9.57212190394419e-05,46,668000000,
-0.07142864781748633,-0.013538948725627045,0.0003962968538141458,46,673000000,
-0.08358963761051032,-0.00045873532475958255,6.974423317471126e-05,46,678000000,
-0.04901151701732459,0.03651325239535292,-0.00013232364158318935,46,683000000,
-0.06117406024685778,-0.006454995451154539,0.00021825212369613674,46,688000000,
-0.0559177549596892,0.00439751698481923,-0.0002058507886480212,46,693000000,
-0.07357983726865369,0.022188699501766246,-0.0003946967698557198,46,698000000,
-0.040895143541545116,0.015380471203360025,-0.00017230069456922154,46,703000000,
-0.13579886173730654,0.026259217285734833,0.00016452136816366448,46,708000000,
0.05010237101388322,-0.002892502879811133,0.00018304374724042557,46,713000000,
-0.06362168781957113,0.040257956429503285,-7.42892360741932e-05,46,718000000,
-0.1267285639719182,-0.021640789887389288,4.591902605412246e-05,46,723000000,
0.05182792058522996,0.020694141428839647,3.372665298743589e-06,46,728000000,
-0.15688521813496545,-0.007752639403051763,0.0001021135643797085,46,733000000,
-0.06758456410006175,-0.004541720353550098,0.00017687348111281416,46,738000000,
0.026899955963456745,0.0017896437265863085,-6.802822374958327e-05,46,743000000,
-0.13324389297675185,-0.007525426146203011,-6.602950581636187e-05,46,748000000,
-0.04514123632392576,0.01685526428903034,8.468697902396241e-05,46,753000000,
-0.018562314138540377,0.01366364552118087,0.0002891516621870845,46,758000000,
-0.09118856711910173,0.04264913969757504,4.317240589175338e-05,46,763000000,
-0.042084713301242895,0.018309515405104098,0.00011727512128342095,46,768000000,
-0.008857946441275376,0.013379118955228664,-0.0001901857211485585,46,773000000,
-0.13290541025472125,-0.005387910029996493,0.00012480074464275728,46,778000000,
-0.07801718671378409,-0.002748621855207536,-0.00010674483162744737,46,783000000,
0.0005664235969222997,0.0005481716691976785,2.6428958063960778e-05,46,788000000,
-0.050889947313074585,0.023324965200167372,0.00015237935846394493,46,793000000,
-0.041227462806276906,0.007967389197028414,0.00010102826261798794,46,798000000,
-0.03786594866926944,-0.009863980935647028,-8.951029708937146e-06,46,803000000,
-0.053034927665900955,0.03802646701146355,0.0001256471143236553,46,808000000,
-0.08492781805986671,-0.040741384990893866,-0.00015224037399149662,46,813000000,
-0.0536974362907784,-0.0014084818981004985,-1.1456010947037845e-06,46,818000000,
-0.038890495047366254,-0.029720823581025384,0.00029426579269377676,46,823000000,
-0.041977995861399636,0.012605497041504049,-0.00023626998599199465,46,828000000,
-0.021944728045640495,0.013864913564459833,-2.4703581292926395e-05,46,833000000,
-0.05335484602191582,0.00578653839820426,-5.6360515765395686e-05,46,838000000,
-0.04650312632026038,-0.010875661112838712,0.00016882068339221,46,843000000,
-0.05270930124289943,0.018483384167011067,-0.0001392750924011328,46,848000000,
-0.06066400853459964,0.025198872459624475,-0.0006357897096332869,46,853000000,
-0.05024766927902009,0.01742342385136097,0.0002856262312115792,46,858000000,
-0.03679830948776869,0.03821315026725393,8.321690176425955e-05,46,863000000,
-0.07633158920216551,0.014527182544077267,-7.286643620173705e-05,46,868000000,
-0.02861222893989863,-0.02251849502084628,-4.760459905593097e-05,46,873000000,
-0.03512461287263922,-0.022116381663104357,-0.0003105366501407768,46,878000000,
-0.023876792148801174,-0.003272855853889053,0.0001642489538518085,46,883000000,
-0.060209080133175136,0.04123690696422785,-5.438864870335427e-05,46,888000000,
-0.07368640294486975,0.01683710568391974,0.00021469556803940945,46,893000000,
-0.0465118506690134,-0.014424108241972726,0.0001592817722333319,46,898000000,
-0.0603567860072656,-0.00420565028057272,-0.00033246915004250794,46,903000000,
-0.050080090281606524,-0.009167741040328161,-0.00010324713377451261,46,908000000,
-0.10533474509017882,0.022006507695092582,3.483261004757823e-05,46,913000000,
-0.04374923095732408,0.01360874039567695,-0.0002511376893602944,46,918000000,
-0.03241650945237842,-0.01493243210967834,-0.00011658497467986647,46,923000000,
-0.014257000385529042,0.027206470334289235,0.00032064553022156624,46,928000000,
-0.055993775713123244,-0.018196590396439536,-7.526016790477158e-05,46,933000000,
-0.04175176407825499,0.004609105496305697,0.0003032504493504686,46,938000000,
-0.03914217031862194,0.003488237877576096,5.679377723172319e-05,46,943000000,
-0.056770571483296346,0.028862959784101586,-0.0003023509636602329,46,948000000,
-0.007023202192641645,0.02573763610001973,-6.738776747833059e-05,46,953000000,
-0.0461457882103464,0.0019414715886644012,-0.0004153974242357195,46,958000000,
-0.043018232789767165,0.012838496983198423,5.8923650973036054e-05,46,963000000,
-0.015097039852146044,-0.001958478540735044,-4.652829806258077e-05,46,968000000,
-0.053945430189487754,0.004953702957190221,0.00015253429472323964,46,973000000,
-0.039245768424533284,-0.004255955679919365,0.0001986278555891649,46,978000000,
-0.00788414356182739,0.02123276234562296,8.075532654453923e-05,46,983000000,
-0.03370939461291513,-0.005028953980315197,0.00014640182489117479,46,988000000,
-0.003068553645162918,0.02193628133255451,-0.00017429334241723758,46,993000000,
-0.04351892965650984,0.0037226936497522637,0.00010757347856807714,46,998000000,
-0.029879687424950434,-0.024088747200109853,0.00014356635868943417,47,3000000,
-0.04328238938208848,0.009017119848722863,-0.0001802768349905409,47,8000000,
-0.03475017611771335,-0.006606457129638253,8.060327056831087e-05,47,13000000,
-0.04242615958117304,-0.05178053539554204,3.261722881996851e-05,47,18000000,
-0.020833539290950984,0.02333780712566583,3.223317747201439e-05,47,23000000,
-0.04048267018553904,0.028141647917904515,-5.835316953758444e-05,47,28000000,
-0.03694411246974743,-0.0012698163912466614,0.00033039500996121115,47,33000000,
-0.03869148478148599,0.0111139231125123,0.0002405757719002496,47,38000000,
-0.02435852584656424,-0.0010253359535704364,-0.00025939843326918115,47,43000000,
-0.03599084580002977,0.019512036690838903,-4.3479046390883285e-06,47,48000000,
-0.02327092451457262,-0.022556150004455534,0.00011393851051745205,47,53000000,
-0.018412813096844154,-0.006360839365849495,2.4286060365307185e-05,47,58000000,
-0.03473003892551705,-0.019842605695129297,0.0004099617352848835,47,63000000,
-0.04310880797649035,-0.008438336283470436,0.00024030708637530203,47,68000000,
-0.03428936458426538,-0.007029974979258943,-0.00023535505727774025,47,73000000,
-0.053263927800812,-0.046271100531068615,0.0001371993123254588,47,78000000,
-0.045313167384609686,-0.022299580170791023,8.805928972477526e-05,47,83000000,
-0.011830982704312001,0.03447102496308499,5.24018896960642e-05,47,88000000,
-0.024970585507487465,-0.014350711623357977,-0.00027366301115796187,47,93000000,
-0.028758119297841327,0.013692330694724355,3.879541667272539e-05,47,98000000,
-0.009920947612890887,0.013680727510108598,7.327549382366754e-05,47,103000000,
-0.010994575910406174,-0.021964489128912697,-4.419691628333002e-05,47,108000000,
-0.017819857881156018,-0.0225571233494435,0.00026045231219664944,47,113000000,
-0.019119358794425244,-0.019776121212216936,1.65031714481893e-05,47,118000000,
-0.011154574062279758,0.030440050894403946,-0.0002962407900451438,47,123000000,
-0.03407386650337563,-0.03283044930832176,-0.0002286949065627704,47,128000000,
-0.02726097749686352,0.014602711473033875,-0.0001638218806342387,47,133000000,
-0.038210630697785,-0.005245602120176848,-0.00023791905338716525,47,138000000,
-0.048849244205018835,0.012090274789036414,3.826268587986124e-06,47,143000000,
-0.03170396000709025,-0.014991406705177181,0.0001643702130723864,47,148000000,
-0.013196075542355513,-0.02016054581120436,-0.00013259063071707232,47,153000000,
-0.029984759540171584,0.004140741066265196,-0.00019356094890213908,47,158000000,
-0.03531563571025553,-0.009055790568733492,2.168639538417618e-05,47,163000000,
-0.03917220370580861,-0.004141799736246657,0.0005025175008051302,47,168000000,
-0.04767201607714132,-0.02540911920149994,5.984307943214387e-05,47,173000000,
0.0025955283523707955,-0.017050228078406372,-8.347861131444178e-05,47,178000000,
-0.04144078724823796,0.009015020781717354,-3.595156773435796e-05,47,183000000,
-0.02547157572975116,-0.000970942952993539,-0.000630340811107605,47,188000000,
-0.04332748562382691,0.004027607115225795,0.0001813914131449058,47,193000000,
-0.029116584103224107,-0.0071630012481353495,0.0005337397915519457,47,198000000,
-0.0001801492746505394,-0.000563864885688684,3.3834610877778824e-05,47,203000000,
-0.022820203647307642,0.0014471268072127614,-0.00011933349475675387,47,208000000,
-0.039737945455452284,-0.013335679992695863,-0.00019253964025652624,47,213000000,
-0.00884212892013354,0.04235849839479705,2.0830435952668888e-05,47,218000000,
-0.04634893858728892,-0.031017479563720918,1.3866755041117997e-05,47,223000000,
-0.07528529995351584,0.027991565523622343,0.0003434857497255939,47,228000000,
-0.006548978926057065,0.010795101699505434,0.0003029902543822346,47,233000000,
-0.035351870600623336,-0.009914998495781903,-0.0001337966699968767,47,238000000,
-0.03512520514383379,0.03436818280148904,-0.00030716771794026573,47,243000000,
-0.058612073084223004,-0.029435932001393737,0.0002504065027198401,47,248000000,
-0.020951118898525127,-0.014777824602865858,0.00011468364128323365,47,253000000,
-0.06776488794350788,0.014319475515426523,-5.748175985263137e-06,47,258000000,
-0.03938450551784882,-0.0015131076520328184,2.1051110729283143e-05,47,263000000,
-0.008459327589300965,0.0068244464112356355,-4.681608051537335e-05,47,268000000,
-0.04645392455940116,0.0027181254823599884,0.0002044818046026059,47,273000000,
-0.05549366457887707,0.0053397519949255215,6.516041552640244e-05,47,278000000,
-0.047508496861342384,-0.008318341344730945,0.000318047064493325,47,283000000,
-0.04481481667353017,-0.018522544512121025,0.00015291592232896006,47,288000000,
-0.03371564343548778,0.010731946358933764,-9.543145823845395e-05,47,293000000,
-0.05352124126157699,0.014077696517164714,-0.0001820526983914012,47,298000000,
-0.027561376663870846,0.029495915584355326,-0.00011263357323668565,47,303000000,
-0.036489529933952346,-0.004739836254847294,0.0002048953747234304,47,308000000,
-0.02474321858402053,0.019599966262626466,0.00022487384512656183,47,313000000,
-0.04190995693865171,0.009133771224905779,0.0003015454472405169,47,318000000,
-0.029847128440957448,-0.006710166670213161,0.0002161407999742602,47,323000000,
-0.047516385610451024,0.006090136345504104,0.00011702801050148185,47,328000000,
-0.01931360324584836,0.03177520698171748,-9.23977881647828e-05,47,333000000,
-0.003482097129001594,0.003196902049119632,5.952988052220867e-05,47,338000000,
-0.023167745628286468,-0.00962171762938274,3.531668620905684e-05,47,343000000,
-0.060456103185258896,0.003787007144869348,0.00018933076038575366,47,348000000,
-0.058491085364745884,-0.02380708484202716,1.5025231171441658e-06,47,353000000,
-0.03386867447523114,-0.02322946583422878,-0.00016086478240830195,47,358000000,
-0.038616406891310115,0.015974408721622944,0.00013295674522489882,47,363000000,
-0.03994662913811501,-0.007932546795255187,-6.96622557893309e-05,47,368000000,
-0.037904884387646734,0.008528934340223992,-0.0001303475616608441,47,373000000,
-0.03298296400092379,0.00915395857516661,-0.00015766922221555467,47,378000000,
-0.06440955850273213,-0.005055713433589538,0.00012129433511966602,47,383000000,
-0.04228471675159018,-0.029616821936809607,4.134919743600457e-05,47,388000000,
-0.033757818020718394,0.010741928267020258,4.3749301940545785e-05,47,393000000,
-0.03410978254413029,0.0025966823908913274,0.00018093229302352439,47,398000000,
-0.029519755312122614,0.0018912367298278912,-1.1239775520010527e-05,47,403000000,
-0.05178454458972845,-0.015154768027750839,-0.00010942327665533177,47,408000000,
-0.035586007622725485,0.05686928436881575,4.950739545490458e-05,47,413000000,
-0.06837843186131895,0.0049433545483711675,0.00024971911132527525,47,418000000,
-0.040606033474919326,-0.008186918080897884,0.0001741811555913867,47,423000000,
-0.07010918862331823,-0.0040035200702679295,5.422493488782704e-05,47,428000000,
-0.0475385858084306,-0.01314501827724889,-9.317859222120205e-05,47,433000000,
-0.009543534718388497,0.006247580084893201,-0.00010050278321447438,47,438000000,
-0.0024058829086416947,0.00043491422909525015,0.00013035874755592289,47,443000000,
-0.044580677423993055,0.007179928572001611,0.00026941791812373696,47,448000000,
-0.02486916138709871,0.019854968911043654,-0.00044658572914710033,47,453000000,
-0.046755847169208456,-0.005479168685318598,0.0002182285686425114,47,458000000,
-0.019063728254998975,-0.012221577869136855,2.9949073375153407e-05,47,463000000,
-0.04756968425226592,-0.024141126338942387,-0.000126889096288954,47,468000000,
-0.0262088655239417,0.01948683845586315,0.0001695900114543185,47,473000000,
-0.024163313631910485,-0.011780142568185104,0.0003716938858754251,47,478000000,
-0.02404654192623567,-0.019153935383190674,-0.00015759062611637512,47,483000000,
-0.050492295658895764,-0.03322800345569962,0.00037420335994023314,47,488000000,
-0.0446722452714946,0.019116527827980016,0.00011737479907920744,47,493000000,
-0.05504189111872124,-0.007058462783732651,0.00011036202760567106,47,498000000,
-0.05286441221159821,-0.01610227716136653,0.00015869414695275232,47,503000000,
-0.023591492317437224,0.00470740297825751,0.00027982356954011175,47,508000000,
-0.039220020149007016,0.021426740508882755,0.00033366700850594503,47,513000000,
-0.04178116303691959,-0.004210287668733486,4.850234969413227e-06,47,518000000,
-0.033090348156942964,0.010005921403937383,-0.0002329915048698758,47,523000000,
-0.059866595380835684,0.007948221277907922,-0.00016604025436599742,47,528000000,
-0.03583331062336996,0.015822887855809282,-7.226191519242733e-05,47,533000000,
-0.03087348290176359,-0.0016751281386475647,-4.1948207780847214e-05,47,538000000,
-0.05204305742203755,-0.014605570744821703,1.6717993339016022e-05,47,543000000,
-0.0476958636005836,-2.9585292782010816e-06,-0.00039516718522896946,47,548000000,
-0.04298554881587867,0.01619903443326608,-0.00010580615871580051,47,553000000,
-0.032702270918589155,-0.00823869556922315,4.966759263004861e-05,47,558000000,
-0.06473341385170657,-0.006209307039906839,-0.0002836837602637184,47,563000000,
0.013315965374998497,0.014346331096089746,-8.728556664501968e-06,47,568000000,
-0.13747379869372617,-0.003627260299002593,-4.608169310314491e-06,47,573000000,
-0.07752377655652505,-0.03733741357104811,0.00022256213535800035,47,578000000,
0.026408112190129413,-0.002878793912225417,2.90192324867198e-06,47,583000000,
-0.12246313816163322,-0.0032176008418158073,-0.00011135617164324145,47,588000000,
-0.03377016813045342,-0.043680321673801537,4.61373269062331e-05,47,593000000,
0.0012909516323186972,-0.011800710582330102,0.00029280113477939807,47,598000000,
-0.1633922516430707,0.00898186385846727,0.00028236441703899487,47,603000000,
0.02745068647329329,0.00822725234159524,0.0006307891194651485,47,608000000,
-0.051793728112760166,0.017345703562871007,-0.00012114462426229609,47,613000000,
-0.1281702569058,-0.012437171664584173,4.227507765763379e-06,47,618000000,
0.025284541645956452,0.024172551668846923,-2.2523455816171098e-05,47,623000000,
-0.048414173391767144,-0.025738547374759908,1.3774506160847211e-05,47,628000000,
-0.12193735134097772,0.001853374762796386,5.771009704585025e-05,47,633000000,
-0.029139574243636706,-0.013767213927963443,0.00047457428451519245,47,638000000,
-0.06918016302965116,-0.021786678927302718,-0.0001274866623401645,47,643000000,
-0.06079660656705848,0.018154056186527056,-0.00022172978184415172,47,648000000,
-0.07850550918580214,0.035695623814995685,-3.913628035808277e-05,47,653000000,
-0.06974214006900589,0.04879536105004618,0.00013825608816476982,47,658000000,
-0.06344569634390307,-0.008489672721199732,-7.577081132224185e-05,47,663000000,
-0.07020200516932226,-0.006167313977036514,8.937592530697234e-05,47,668000000,
-0.06998384856261684,0.025580516660039878,-5.62641071562116e-05,47,673000000,
-0.06756052260557127,0.007980589704317127,0.0005580037804661926,47,678000000,
-0.06887982524765894,-0.015768634629211395,1.954739035884632e-05,47,683000000,
-0.07980472653804273,-0.006084833391003218,-0.00024384934191028757,47,688000000,
-0.08764627896582913,-0.024414725095132216,-4.831813826072994e-05,47,693000000,
-0.08283592805019775,-0.009769095065891058,-3.3348615591112265e-05,47,698000000,
-0.06985151954226872,0.023410738356439545,4.8844300122162665e-05,47,703000000,
-0.0614192686779485,-0.000695766813707793,-0.00045924124426084825,47,708000000,
-0.08576173674164866,0.030001766821046365,-0.00011827777400020275,47,713000000,
-0.08576972055959454,-0.03504127278915775,-7.423297494560213e-05,47,718000000,
-0.09843456767931355,0.019767680843321336,-4.583637267752594e-05,47,723000000,
-0.062112824070856026,0.0020684829752452556,-0.00027908620454998606,47,728000000,
-0.05988505321240335,0.022071538960296448,-4.702916296256647e-05,47,733000000,
-0.08883413079585017,-0.03403290732325102,-9.000400714431819e-05,47,738000000,
-0.052374432745359835,-0.011119339266921841,-0.00033297084269993173,47,743000000,
-0.06893040553104553,0.013520041419012772,-0.00014662241460476315,47,748000000,
-0.06405515277243949,0.0006659168449731643,0.00031431848491260135,47,753000000,
-0.04163230594053198,-0.03277482892580333,-0.00012025423857380567,47,758000000,
-0.08506969244575566,0.0004565155142915102,7.913519543870064e-05,47,763000000,
-0.061337985340877345,-0.01845795848507595,0.0001449176499165436,47,768000000,
-0.08100081411615145,-0.006411413317311692,0.0001466275301823163,47,773000000,
-0.08352108668184947,-0.020569718206736486,0.00036645208891010483,47,778000000,
-0.07243052276601233,-0.020641384842347142,-0.0002383271616538328,47,783000000,
-0.06493554025210793,0.007870921215073075,-5.5282915968579376e-05,47,788000000,
-0.061039564258251716,0.004668245336303203,6.521427732408984e-05,47,793000000,
-0.057817403477962034,0.01656841961917148,6.789881165267466e-05,47,798000000,
-0.045365747467916565,0.020161246426637483,0.00036608944846297487,47,803000000,
-0.07690991740738956,-0.004158759339744571,-6.712527452897153e-05,47,808000000,
-0.0730029485598187,0.004814402334773322,4.680530352752646e-05,47,813000000,
-0.15048302786306414,-0.016792472372582266,-0.00016029136554975836,47,818000000,
-0.04035109854849978,0.018983746885456645,0.0006769146314431589,47,823000000,
-0.06467713300496632,-0.03408491576357823,0.00013134003960678947,47,828000000,
-0.13029951388307134,-0.012301718131057885,-0.00024702834063331777,47,833000000,
0.00025108030285096554,-0.0296862652199396,0.00011036727934231884,47,838000000,
-0.037216492207009864,-0.008354775505495156,-0.00017318798520725467,47,843000000,
-0.14406387329540943,-0.00910184756370855,-7.386010459943167e-05,47,848000000,
0.00923734269695245,0.0011834615169311687,0.00011595505395701603,47,853000000,
-0.0975415403475746,0.019461688296600492,-0.00018753433845052121,47,858000000,
-0.0035860863586071566,-0.020643229375434276,1.066599053504812e-05,47,863000000,
-0.04782240932802989,0.001196555656340308,-0.0001823700691389802,47,868000000,
-0.12628569394691194,0.009505731396424888,-0.00036312539096421733,47,873000000,
-0.05342815175653512,-0.014019976979664873,-0.00010967196723828083,47,878000000,
-0.011221935213007158,0.017035223566649774,0.0001512164209642147,47,883000000,
-0.10555636859328066,-0.007577758436691048,-0.00012044669498233562,47,888000000,
-0.07814997767700395,-0.0031561172876191776,-0.00011407186987951892,47,893000000,
-0.050344189795043466,-0.00915351110367163,-5.9804852185254504e-05,47,898000000,
-0.08931306731990424,0.007022960130460474,-2.0573034321605468e-05,47,903000000,
-0.040749600216923365,0.00546756779813703,-0.00021288199771874242,47,908000000,
-0.05519702978291617,0.018454903160189304,-8.853918325655308e-05,47,913000000,
-0.0415420249452636,0.013091903470227024,-8.09398652213028e-07,47,918000000,
-0.065446083138324,0.015585783664742456,3.188214162315772e-05,47,923000000,
-0.07326447350632956,0.005756812718208723,9.12437662131705e-05,47,928000000,
-0.07453368838545135,-0.019641233583193116,-7.940045761178347e-05,47,933000000,
-0.04308370971182534,-0.04161565962195183,7.503589626452248e-06,47,938000000,
-0.043417848931300004,0.01347462356765926,-0.0001731702929779499,47,943000000,
-0.05082804468294131,-0.01066816656553404,-1.4831163648543226e-05,47,948000000,
-0.07059649693160418,0.030266688713086968,8.917671111281101e-05,47,953000000,
-0.05513254737424337,0.003198090729469792,0.00019207560543178662,47,958000000,
-0.07102756763035774,0.00010099313468656384,0.00020829602494898915,47,963000000,
-0.06136460075524384,-0.0014469694331384615,-0.00013064352400254315,47,968000000,
-0.07101550500536857,0.0014616261509963469,0.00022809124255900832,47,973000000,
-0.04401317035895053,0.008725167236606962,-0.0002455848905340626,47,978000000,
-0.03823559353402002,-0.012685480216746831,-7.666898403395802e-05,47,983000000,
-0.05405959434129127,-0.01092398063697455,0.00013061937291857447,47,988000000,
-0.028874875353416672,0.029308615162829506,0.0001988019419151769,47,993000000,
-0.02952881229448881,0.04226343356736371,-3.6447322948838315e-07,47,998000000,
-0.032885553565297945,0.043542943591187426,-2.4478024529995746e-05,48,3000000,
-0.07075497504623324,-0.018638275040927813,-4.2985835450965e-05,48,8000000,
-0.05230750512732042,-0.00833621890798776,9.729266210282182e-05,48,13000000,
-0.09168173860387877,-0.00029700857412589654,3.64820872512769e-05,48,18000000,
-0.04664723127074489,0.011736666069957769,0.00024021268806406683,48,23000000,
-0.041613360380100106,0.007628096411819682,-7.901901163048685e-05,48,28000000,
-0.04638374860540257,-0.006450110451429682,-9.989147289459397e-06,48,33000000,
-0.013720187485660028,-0.010189657071947111,-0.0002430879612476892,48,38000000,
-0.033820634334054814,0.021779446820422373,0.00014322428325916028,48,43000000,
-0.0007120011629682885,0.013344441850118998,8.669384050037831e-05,48,48000000,
-0.04441452226324799,0.023585030648583593,-7.448987966234313e-05,48,53000000,
-0.03740628512855357,0.0003646678873518806,-0.00033736995349498486,48,58000000,
-0.06677791879499699,-0.0424560769952512,-0.00017146485228182668,48,63000000,
-0.03971301829299263,-0.019395723684951773,-0.0002484525665579547,48,68000000,
-0.058588148708998096,-0.030348396638848786,-0.00023861576964008213,48,73000000,
-0.03108982671636026,-0.014313858070233266,0.0003259507995301008,48,78000000,
-0.03373351010135762,-0.007626484621519694,5.103771799586752e-05,48,83000000,
-0.006982388331434469,-0.006421547777742788,-4.6588838315224966e-05,48,88000000,
-0.02909644675165135,0.02359660960492513,0.00032781135132730737,48,93000000,
-0.048086272709099695,0.009181582332571341,5.011352616640368e-05,48,98000000,
-0.007545612254521848,-0.017952694953848942,-0.00022683539080309168,48,103000000,
-0.040230723524989326,0.006922746030211432,-0.0002913255325611521,48,108000000,
-0.02063255882039384,0.012868423431105539,-0.0002886761563353357,48,113000000,
-0.09212319454466919,0.002983605281038387,0.00010691790538664796,48,118000000,
-0.0530230344411272,-0.00506053750092252,8.615408132298072e-06,48,123000000,
-0.03199603368122715,0.02732901788672182,0.00024702175793967754,48,128000000,
-0.0617227635313731,-0.008438237632199065,-0.00024423261941609685,48,133000000,
-0.06326209663377202,0.015315539320488304,-7.88859852938602e-05,48,138000000,
-0.03471263774969128,0.01781178216780922,-0.00035869775548150884,48,143000000,
-0.041164787118822335,-0.0019704606171310358,-3.528964556473298e-05,48,148000000,
-0.02417932471447612,0.023248249452192806,0.0001681247012332197,48,153000000,
-0.03261866755459327,-0.014271676108666033,0.00033939805563153576,48,158000000,
-0.07048593615393196,-0.015807228381612585,0.00022723682184936836,48,163000000,
-0.028119681432776364,-0.0071076677469858246,-3.381692557120933e-05,48,168000000,
-0.04800157625772631,0.020920167732612266,-2.9271334438045777e-06,48,173000000,
-0.05513601060076924,-0.017744694236502913,-3.663725328612178e-05,48,178000000,
-0.06702299363861347,0.0017862016451422533,0.00022769335019049314,48,183000000,
-0.06690209732353923,0.008779536875621252,5.898908666860023e-05,48,188000000,
-0.04544557733179693,-0.009399621142217613,-0.0002882160687114504,48,193000000,
-0.04125845148956758,0.018453785216392866,5.85387899951012e-05,48,198000000,
-0.07558434578056523,-0.019418983492282684,-0.0002144159817791016,48,203000000,
-0.04379341470698283,0.025851727935072493,0.00011186235149981545,48,208000000,
-0.0598054833926066,-0.012010639341951962,0.00031085680847187195,48,213000000,
-0.03837700029323293,0.0005844412713523583,-0.00017680665176670536,48,218000000,
-0.08247182895511558,-0.006844004173800896,-5.759683055429638e-05,48,223000000,
-0.058962032032358794,0.00017440812886370066,0.00031063279145186534,48,228000000,
-0.05960636113498597,-0.0028856439523927877,2.1313595195262895e-05,48,233000000,
-0.060213946605323795,-0.020646500765299093,-0.0002474736066177623,48,238000000,
-0.04147595838591526,-0.0009896878490125638,0.00011886882871612822,48,243000000,
-0.025130901980542176,0.008271935445987687,5.1452965043605115e-05,48,248000000,
-0.04983034645879841,0.04795710121572176,-0.00015773146925469514,48,253000000,
-0.05309680068642146,-0.02349889628108959,-0.00031947553865691486,48,258000000,
-0.0629283040099402,0.03136134972367991,-0.00024322229086418674,48,263000000,
-0.07588593264078053,0.013239793574249321,0.00011929871737290101,48,268000000,
-0.05798170448202523,-0.009067557329472517,0.00018297037422246713,48,273000000,
-0.05080276327394894,0.03239476065817886,0.0001718134553533508,48,278000000,
-0.05207960033913543,0.021312409964917848,5.379380166325353e-05,48,283000000,
-0.06126299610978093,0.0007731634979663987,5.910383718229705e-06,48,288000000,
-0.04219879748531112,-0.008938817851958766,6.339388662647293e-05,48,293000000,
-0.045682478272856326,0.0049888332046549,-0.00013329346069292086,48,298000000,
-0.060758228725570976,0.005323208127572261,9.222532763317445e-05,48,303000000,
-0.05859486576518047,-0.0040847123474382395,-9.026710961117666e-05,48,308000000,
-0.047960416263259996,0.011507863928175918,0.00013384381351803538,48,313000000,
-0.06651749713402338,0.0016083744193248315,0.0002409687269783435,48,321000000,
-0.028396722231316347,0.0048780757661333616,-5.6240581345573796e-05,48,326000000,
-0.0670544240887537,-0.019989798274094746,-6.00171045061018e-05,48,331000000,
-0.051752797630814425,0.00013880611844186493,0.0001659293447398105,48,336000000,
-0.02465613807834145,0.00592410255252047,-6.12296337594761e-05,48,341000000,
-0.04264701492226124,0.026980233397727947,-0.00021034708538427072,48,346000000,
-0.06792370675147207,-0.02462336561281754,-0.00018137839186476012,48,351000000,
-0.04262800429786051,0.029609339765421662,0.0004025368805278879,48,356000000,
-0.07408720929437493,0.014798463321486013,0.00035983892973243825,48,361000000,
-0.04588291710545786,-0.010209516990887938,0.0005510016599650081,48,366000000,
-0.0693314587825686,0.006494476796840383,7.311330372238157e-05,48,371000000,
-0.03191952226828555,0.03212408375725369,0.00011630791905635684,48,376000000,
-0.04415682759315024,-0.004193744506581513,-0.0001841617775592058,48,381000000,
-0.05509173691992679,-0.011083139625900665,0.00021429692084182298,48,386000000,
-0.05932253909791717,-0.006417899328387035,2.137899413301715e-05,48,391000000,
-0.08582028512196013,-2.2592305678984393e-05,-3.0975213371515254e-05,48,396000000,
-0.05981055245115168,-0.0032855152257320816,-1.9926309770796517e-05,48,401000000,
-0.059341155351737805,-0.02473824212002524,0.00012379534701660217,48,406000000,
-0.05853458115199256,-0.005927521849876956,-0.00024438320275671244,48,411000000,
-0.08113372106923009,0.009719735337468397,0.0006938793850283841,48,416000000,
-0.06915727299756184,0.022672226714550037,-0.00017785281425021594,48,421000000,
-0.05163396949158569,-0.00923499326201643,-3.103092293058816e-05,48,426000000,
-0.06955150734850815,-0.00914080415880222,-4.339546612416104e-06,48,431000000,
-0.015775873999490098,-0.026395389558652612,3.447334965539999e-05,48,436000000,
-0.0735128917541979,-0.0127283825755971,-0.00024206263037376775,48,441000000,
-0.06175365986021403,-0.02274272106983616,0.0001964400329117301,48,446000000,
-0.06422284648501517,0.02557164125452632,-0.0002797371288441307,48,451000000,
-0.06512645201886474,-0.0016984457602272128,3.231229930696484e-05,48,456000000,
-0.03932037179191208,-0.008120284178971322,0.00020631926811531223,48,461000000,
-0.07604701929532721,0.012252864296842811,-5.246145684480847e-05,48,466000000,
-0.11028291675108211,-0.005123044585905067,0.00012372992821849522,48,471000000,
-0.07783797021779126,0.00011973720388308877,-0.00015986021012831135,48,476000000,
-0.09167707110913532,-0.021355448721093663,-0.00011979475258832526,48,481000000,
-0.0679351351039432,0.0050172239448854055,-0.0003356149495013228,48,486000000,
-0.06345667564156612,0.003014141212234747,-0.00013141363326815082,48,491000000,
-0.05528279381452146,5.941186124852832e-05,-0.000389737703842878,48,496000000,
-0.0653841250056628,-0.025900739157356675,0.00033294513295468883,48,501000000,
-0.08304133900660769,0.009280584524068037,0.00010029552216886806,48,506000000,
-0.10024728698991939,-0.0010456253650428034,0.00030933698431345546,48,511000000,
-0.10241479452609481,0.019452228527965416,5.140680137619663e-05,48,516000000,
-0.057765253366544526,0.005134486453406824,2.8220189847874178e-05,48,521000000,
-0.05678982392668876,0.0037614738280576385,0.00037793938083615454,48,526000000,
-0.052826539666848304,-0.03695100601951055,-4.4461814215516075e-05,48,531000000,
-0.058190265356401184,-0.02615483783990972,-0.00020693286576755238,48,536000000,
-0.08298671956988626,-0.001319781176745875,-0.00031885356709162015,48,541000000,
-0.07679420293286074,0.03189440098503715,6.678319639862393e-05,48,546000000,
-0.05337312661314309,0.027088207297479117,-0.00022395775873431132,48,551000000,
-0.05598881661960843,-0.009610737399116095,-0.00011351585328185224,48,556000000,
-0.061858019195413026,-0.01302437201877334,0.00020187654812923696,48,561000000,
-0.05120379340059744,-0.003349281744532716,0.0002882590126345945,48,566000000,
-0.06523199820936675,-0.01639890175573385,0.0003017268383042564,48,571000000,
-0.055085607538701384,0.0061904635098033855,2.594933787232318e-05,48,576000000,
-0.06521198334820223,0.006325251803115694,-0.00015046386156368277,48,581000000,
-0.07417155795112194,-0.01418555337003574,7.326930179582842e-05,48,586000000,
-0.03279985549787311,-0.004622236398312549,0.000108346596671156,48,591000000,
-0.08007703280717997,-0.008669055368857164,0.00015643094678561114,48,596000000,
-0.0606347541527592,-0.0019856819480650397,1.7423340539916225e-05,48,601000000,
-0.07536489570153387,0.019629805085687516,3.368621570561075e-05,48,606000000,
-0.03988173262846091,-0.01759625603883556,0.0003365379839618284,48,611000000,
-0.0571770297172374,-0.02490926356507176,0.0002765855952697141,48,616000000,
-0.08334726776931714,0.01559320621736866,-0.00031588485354136215,48,621000000,
-0.045310565424448626,-0.007314650882831695,-0.00031970151732463737,48,626000000,
-0.06143723478849594,-0.004742346933851785,-0.00033165411386050226,48,631000000,
-0.05493445486185528,0.011574095412714761,-0.00016171076905070877,48,636000000,
-0.06741436184490895,0.025444759702185845,0.00014081896913222767,48,641000000,
-0.06245230729113695,0.008693149802079268,-0.00015458598192588313,48,646000000,
-0.029640708443892647,0.010280171869428449,6.602790765325344e-05,48,651000000,
-0.07111252982857835,-0.0004252936934222968,0.00022214428600927995,48,656000000,
-0.08375686167791604,-0.013984488397995936,0.00025657324614591725,48,661000000,
-0.05232582587845299,-0.015811875246916032,0.00031007213900751524,48,666000000,
-0.054948135814157244,-0.02878840479041991,8.950401707752343e-06,48,671000000,
-0.028992091238318318,-0.017304264850558696,0.00022800086647973192,48,676000000,
-0.024751056681699912,-0.0026743686412415584,-0.00020067174729063308,48,681000000,
-0.03542862065873368,-0.0040940185546044445,2.109396299246911e-05,48,686000000,
-0.04418946065576822,0.014260816252414127,0.0002976206485078746,48,691000000,
-0.04077436514392167,0.00037759907665542165,0.000260219440650215,48,696000000,
-0.06134974860739553,0.019827402072776078,-0.00033382074538653854,48,701000000,
-0.05105452035637404,0.02041656673533945,-0.0001803002109689306,48,706000000,
-0.06081694156171105,-0.00723635639447984,-0.0003092958411197235,48,711000000,
-0.048321891896960366,0.0019616887177876597,-0.00016508437532697823,48,716000000,
-0.032553959419893384,-0.026680431598102308,0.00011714343907765143,48,721000000,
-0.04250663976566456,0.011227480878563543,-4.230779658751943e-05,48,726000000,
-0.07066322038953216,0.0037230436056858328,0.0002632568322288742,48,731000000,
-0.07571802815205114,0.00754691070574887,0.00012842621613306582,48,736000000,
-0.011356537970494018,0.002126478818563033,-3.997229391771223e-05,48,741000000,
-0.07792188995683033,0.00311342119511137,3.5233278204674046e-05,48,746000000,
-0.05570363912129977,0.027154677688847287,5.521323581683443e-05,48,751000000,
-0.06394556452181549,-0.004618325773343435,-0.00014381134466123782,48,757000000,
-0.03765020339215601,-0.005712861681309137,-0.0004242605462685116,48,762000000,
-0.031776524931498615,-0.022265083587919596,-9.599567453335569e-05,48,767000000,
-0.027522852550444468,-0.013833288244876266,-0.00012008726184137132,48,772000000,
-0.06095066319248043,0.02517259229849632,-0.00011700434957963131,48,777000000,
-0.04350586748927175,0.0019765684012162618,0.00027359142894409043,48,782000000,
-0.021721970341441865,0.009276031481683877,-6.459115563323e-05,48,787000000,
-4.657278815700129,-0.010742823324365089,0.00012710441661228174,48,792000000,
-1.3719272109856668,-0.005468309079203975,-0.00010263130479665469,48,797000000,
0.04245212684915187,0.027469036211695563,-0.0002516557992038849,48,802000000,
-0.014331763075651358,-0.013094702448131743,-0.00012483325546035676,48,807000000,
-0.04076849451879352,0.007949444071691722,-0.0001847075557079941,48,812000000,
-0.04722173912517582,0.009159177776063683,0.0001254752780673064,48,817000000,
-0.044911455677912444,0.015285191006415453,-1.4757181375076085e-05,48,822000000,
-6.831414833696583,0.005731662460159023,-1.2095527148473702e-05,48,827000000,
-0.23392030760306376,0.006047399032119258,-0.0004184146687118947,48,832000000,
0.01506034684774119,0.014507918007241855,-6.435852186242764e-06,48,837000000,
-0.029694306830921682,-0.005129799867882237,-0.0001918559418838352,48,842000000,
-0.03273712990520996,0.005660956842094207,-0.0006454056720028824,48,847000000,
-0.05909375977349971,0.004780323699465378,2.5636236065072736e-05,48,852000000,
-0.05493791365780894,0.011451075913624362,-0.00012596109805329637,48,857000000,
-7.069989706512834,0.002752265826881743,-0.00023066726139614216,48,862000000,
0.10491375535995545,-0.005998985629116573,0.000517373008392767,48,867000000,
-0.010705623376078926,-0.01671839898648929,0.0005884375214035036,48,872000000,
-0.0849297435242181,-0.0009461738055886463,0.00017751509116122584,48,877000000,
-0.0037268782183662655,0.027062497298138585,9.192141352631932e-05,48,882000000,
-0.06253658507280012,-0.004481458324125843,7.127313802103555e-05,48,887000000,
-0.11336721783922414,-0.009609022109496202,-7.680758943932013e-06,48,892000000,
-6.936551126732553,-0.03887492272855253,-1.27796770893812e-05,48,897000000,
0.007427328393878463,-0.0008968404249915026,-1.7249056408473425e-06,48,902000000,
-0.039710665003173704,-0.010040523430877343,0.000468097773424735,48,907000000,
0.035029743504214006,-0.031503724698278945,-0.00011856505270618902,48,912000000,
-0.1633298193572383,-0.007351313367478731,4.4624062854437555e-05,48,917000000,
-0.021657178448623096,0.01474198652578351,0.00012106110863927216,48,922000000,
0.03930436764494616,-0.023283480252312923,-7.051032583939422e-05,48,927000000,
-7.063646013041603,-0.005970499911377552,-7.862685458619543e-05,48,932000000,
0.039973054958319446,-0.02265607614283744,-0.00015189283645772222,48,937000000,
-0.023961920186016686,-0.04198333613171128,4.090897278213033e-05,48,942000000,
-0.04329942519522855,-0.0302895404964748,-0.00036249474755680106,48,947000000,
-0.07790655158865048,0.016825714373756812,-0.0001557179278323225,48,952000000,
-0.07765812558135302,0.003383111234067942,-9.603782062468043e-05,48,957000000,
-5.714253170017784,0.012071907496889583,3.0481531536443707e-06,48,962000000,
-1.3324425064566203,-0.021253405671173682,0.0001422634185447649,48,967000000,
0.06796705995684474,-0.008560252212039883,-0.000257093835110798,48,972000000,
-0.029160882820392732,0.03913927921347438,-0.0002370858479113215,48,977000000,
-0.06444776600093191,-0.007790187652134531,-8.975598232380574e-05,48,982000000,
-0.04057542616335691,0.004682238167985908,0.00014775554982877676,48,987000000,
-0.06523393797464293,0.003242679777225452,-0.00022555263352356757,48,992000000,
-0.10438070625585158,-0.0276047416308181,-0.00021004392117266913,48,997000000,
-5.8129836465374725,-0.00589636926725948,0.00014230215832142985,49,2000000,
-0.03613338134421316,-0.028005386340610616,4.4251606583067264e-05,49,7000000,
-0.03065954086654255,-0.014176209167651894,-0.00024089838419242917,49,12000000,
-0.09416898440661224,0.008612480597120935,-9.934222349611128e-05,49,17000000,
-0.07413139169570332,0.006367071515802294,-5.1873780176651415e-05,49,22000000,
-0.07795216446799616,-0.03236772494774257,-0.00013126371633715206,49,27000000,
-3.101740094069182,-0.006991542812580737,-4.637388720316934e-05,49,32000000,
-0.11847619318043665,-0.005971775402128716,0.0003923843794491742,49,37000000,
-0.0687534961497446,0.020091845207410794,-0.00018527535141610297,49,42000000,
-0.06691228433611181,0.02249906820411734,-0.00022104545403931288,49,47000000,
-0.06666150110793416,-0.021697877038489334,-0.00015440870755669144,49,52000000,
-0.07062666945260226,-0.007789664538419768,0.0004587702462975389,49,57000000,
-0.10622186829648406,0.0005689462222554497,-0.00017096556991961465,49,62000000,
-0.08873454542872676,0.025289345698502073,-0.00017437313281038898,49,67000000,
-0.10873379427407809,-0.0011260274497519552,-0.0001807624625774126,49,72000000,
-0.06166536516266482,-0.0035747212520431423,0.00037808930678666136,49,77000000,
-0.09303247272450324,-0.004392659638092736,0.0003833332314889113,49,82000000,
-0.07504711153652015,0.035002541487667814,-0.00023899780796883023,49,87000000,
-0.08632198553354882,0.039310653050280094,0.00018258438962731038,49,92000000,
-0.061469297909619296,0.0034267454426843242,2.0569350067899354e-05,49,97000000,
-0.06246841852197551,-0.005191889524997297,0.000153498821721874,49,102000000,
-0.09204350188265831,0.010233772599640114,-7.98894163330154e-05,49,107000000,
-0.06850800059992583,-0.012825080020197912,0.00011712061296234503,49,112000000,
-0.07170483779789244,0.004133661349042814,0.00026533378814473137,49,117000000,
-0.09844431549919466,-0.030564292591305036,-0.00010940428491995467,49,122000000,
-0.09466466486367148,-0.012600961595497916,0.00011016591949868376,49,127000000,
-0.06529862081185507,0.04148376944135648,-6.027104331325905e-05,49,132000000,
-0.06505276131131063,-0.00710274620856161,-6.006275127860895e-05,49,137000000,
-0.05947941834369569,-0.01767201928716678,0.00010890279997472609,49,142000000,
-0.06476651963574652,-0.010845018708790564,5.89643926263732e-05,49,147000000,
-0.05059833326807414,0.012110596038514134,0.00018161552175905912,49,152000000,
-0.0782536113222535,0.0018984009049630452,-0.00022300512853981835,49,157000000,
-0.07399608945724478,0.0055320335043619,7.11504007926988e-05,49,162000000,
-0.05925171954669459,-0.0005475699652487073,-0.00011699164487467751,49,167000000,
-0.10769694212165096,-0.022003762235928533,0.0002606993267111225,49,172000000,
-0.0859283120708146,0.015242183904941647,-5.423067519592455e-06,49,177000000,
-0.08047582742168519,0.013468783691451772,-6.619930476558205e-05,49,182000000,
-0.08528856016025625,0.01775831982911583,0.00025565455696934615,49,187000000,
-0.08177120808854846,-0.016618815472624338,-0.000358116595685157,49,192000000,
-0.10202190433455118,0.012899382450671694,0.00018108532311044936,49,197000000,
-0.07914918734867385,-0.008398758812392302,0.00024370449251540286,49,202000000,
-0.05280608014481805,-0.004015400825685998,-0.00013050939340613098,49,207000000,
-0.05405480235835256,0.03649059595203934,0.00013746803887705548,49,212000000,
-0.07334579971690369,-0.007789689518052775,7.71342260373594e-05,49,218000000,
-0.07971731086168628,0.0024497978706558574,0.00019121154782729538,49,223000000,
-0.08302831611340622,0.002253470715522723,-0.00034573817287614575,49,228000000,
-0.051887231396951394,-0.002827846056968312,0.0002819753342771928,49,233000000,
-0.07971390335033962,-0.0024277401278403653,0.0001328498123679174,49,238000000,
-0.06093535525266479,-0.0017050167149777438,-0.0002782347175135367,49,243000000,
-0.07483560366813308,0.02414434909978453,0.00011970648164824,49,248000000,
-0.06858465473032158,-0.0020677958916660746,5.488673545610458e-05,49,253000000,
-0.06768043236771422,-0.009535911880896714,0.0003885951193259424,49,258000000,
-0.022680152498135944,0.0013287881725130351,-0.00011884588938708109,49,263000000,
-0.05270608736906353,-0.01306187586659369,-0.0001849427910683289,49,268000000,
-0.06146071052606728,-0.0048960341201078755,-2.8471830144726187e-05,49,273000000,
-0.05960514661332381,0.010368292899696957,4.159124223246571e-05,49,278000000,
-0.0707686186201961,0.0070283837777377275,0.0002525547153462356,49,283000000,
-0.07975079244315998,-0.009721215873493626,4.202333356546788e-05,49,288000000,
-0.14229661460962403,0.009818700595805568,-5.18001502730457e-05,49,293000000,
-0.04828176188224599,-0.008608148740808537,0.0003105552190976341,49,298000000,
-0.058688549459346706,-0.0019038742686742077,-2.388603576176695e-05,49,303000000,
-0.006630795429839319,0.005729093994279178,-0.00012119978293839026,49,308000000,
-0.08114563735227857,-0.02272920184228213,-9.810710394649718e-05,49,313000000,
-0.11100699253446672,0.005004064191909994,7.886441628378017e-05,49,318000000,
-0.014546479974241504,0.006999703818128429,-2.6863033127981786e-05,49,323000000,
-0.16188296502957267,-0.004080265974439356,6.169787691762929e-05,49,328000000,
0.024709184704827743,-0.014140969624710347,-4.4283416784661724e-07,49,333000000,
-0.04026586559359169,-0.0026419578674148976,0.00015430503139730623,49,338000000,
-0.0479111909171855,0.0121212315791782,-0.0001415511630405326,49,343000000,
-0.06871262233115315,0.020168745555713626,-2.316638186072146e-05,49,348000000,
-0.04459819352596035,0.027043685285211196,5.969350520951527e-05,49,353000000,
-0.06059036847374993,-0.011883583398370366,-0.0003357871659405658,49,358000000,
-0.07898502901158672,0.0022186797625890677,-0.0005701532969513395,49,363000000,
-0.059957100500283037,-0.01787953197510743,-0.00019266355999976646,49,368000000,
-0.033633754273669304,-0.02050079858025939,-0.00016747773225082394,49,373000000,
-0.03823985185063957,0.025966577688617293,4.2572156313733474e-05,49,378000000,
-0.03843527760715222,-0.0012686635864164364,0.00037762661022024287,49,383000000,
-0.0424638045369939,-0.016586278640057774,0.0003527318784818651,49,388000000,
-0.07210450346768726,0.005425977077642674,-0.00026004193731407984,49,393000000,
-0.01896805710164606,0.016729673646359102,0.00015064562987102551,49,398000000,
-0.05022675334197867,0.007323671999265485,-0.00015559543022173125,49,403000000,
-0.0631384283619746,0.015173555898675056,0.00011981416805524279,49,408000000,
-0.03723012494470078,0.007328012900183539,-0.00012332718190574544,49,413000000,
-0.0506698748059104,-0.03139490493230403,4.691458991517965e-05,49,418000000,
-0.06195856764750513,-0.018086616572071182,-9.185862351926283e-05,49,425000000,
-0.012837005860208878,0.006544971819874403,-6.942196377011546e-05,49,430000000,
-0.013751642437727616,0.02308457670576231,0.0001725860890300342,49,435000000,
-0.041383787981397684,0.03157798510798879,-0.00024887564095723354,49,440000000,
-0.04380108238687644,0.035152594753023465,-0.0004382360032353685,49,445000000,
-0.05204063093592891,-0.01825809003961549,0.00018734527836757829,49,450000000,
-0.057497951263528045,0.03392299983202015,0.00024266273864206802,49,455000000,
-0.08671083822482153,-0.012926628957351376,-3.3935796876704556e-05,49,460000000,
-0.02733615980283091,0.0019106829071583449,4.0153286541535704e-05,49,465000000,
-0.06571458686497925,0.017313209157495676,0.00029137021164933006,49,470000000,
-0.03962857218418411,0.02270560312356594,-0.00011213831706713817,49,475000000,
-0.034299145651902924,-0.015420556025145221,2.3973527745844037e-05,49,480000000,
-0.020895128531039517,-0.0005050451455114282,0.00022074191490222193,49,485000000,
-0.013891736453289491,0.009444008247416922,0.0001339512160774647,49,490000000,
-0.040686530952376884,-0.0019245409405954147,0.0003635078132959971,49,495000000,
0.004485225733030597,0.024387796891355475,0.00015829889422242082,49,500000000,
-0.04917632694724311,8.653214106460819e-06,0.0004086216796473232,49,505000000,
-0.011899890928701508,-0.013996549918402162,0.0002067795809119607,49,510000000,
-0.04376420626914232,0.0063542807776729455,-8.081334928756452e-05,49,515000000,
-0.043877141835934955,-0.022075987504847593,-0.00040612162922969055,49,520000000,
-0.009874464803679355,-0.025246575962306866,0.0003596242589011731,49,525000000,
-0.008774131427210875,0.028206471971940712,0.0002546421013914042,49,530000000,
-0.04520297936832429,-0.007108447594837426,-0.0002834696102938712,49,535000000,
-0.0273704834515204,0.0037105740710279183,-0.00019923660397384358,49,540000000,
-0.06286351048692232,0.007480373689164262,0.0001413495885273525,49,545000000,
-0.028107091562152898,0.0035717660382169076,-0.0001738537725488488,49,550000000,
-0.0174482957203364,-0.004935811508455541,-0.00012222846363248518,49,555000000,
-0.01773678363541059,-0.005211957296964345,-0.00010220033100916568,49,560000000,
-0.03985514298006973,0.03391709025886188,6.423039030671905e-05,49,565000000,
-0.01447549118791747,0.0004513930531605618,0.00024572977706588525,49,570000000,
-0.0071413972758097854,-0.017062741210166883,-7.013449083692059e-05,49,576000000,
-0.017725450622823234,0.008816258569592091,6.727373659130252e-05,49,581000000,
-0.02160880108769711,-0.023458690594291273,2.0556262104273918e-05,49,586000000,
-0.034635941137889315,-0.03460250915862234,-0.0003225527805132801,49,591000000,
0.007510024146462395,0.01055287501785538,-4.1633957498345354e-05,49,596000000,
0.0016311710701322826,0.004408489200382008,-0.00016871581322237705,49,601000000,
-0.019438107301712713,-0.01243893409462351,-0.00018881336939650692,49,606000000,
-0.03602796825587755,0.014629063332373292,-1.0695270169557672e-05,49,611000000,
-0.009760775719218316,-0.021837204335810552,0.00013677454287415293,49,616000000,
-0.001778070072477149,-0.004196006561246404,-0.0005038424858500034,49,621000000,
0.0017587874852180614,-0.0016106320867288924,0.00023424596638355454,49,626000000,
-0.036265586924106086,-0.003773675970054239,8.96132828393961e-05,49,631000000,
-0.018986615431962943,-0.02109802154504214,-0.0004991435894823097,49,636000000,
-0.0224407594344544,-0.0023823404054514868,1.4641525443261757e-05,49,641000000,
-0.053748038196313755,-0.0038557305865382684,0.00045101897913127576,49,646000000,
-0.012183961707673645,0.020618938364987082,-0.00021709472230862836,49,651000000,
-0.027403412011928557,0.016047062856913992,-0.0003946915039610887,49,656000000,
-0.014447294794856711,0.01880520004423426,0.00012048016968424761,49,661000000,
-0.02397936736041871,0.0262459186172826,-0.0002087543556018361,49,666000000,
-0.019671409163173385,0.005733673882986409,-0.00010009714295325119,49,671000000,
-0.017844939944036367,0.03322668884624306,-8.976574016431381e-05,49,676000000,
-0.05574819274285102,0.016075597007172236,0.00023823018740378688,49,681000000,
-0.043084919679191334,-0.0023158723465500084,-0.0003355978278921587,49,686000000,
-0.024739225217783427,-0.02482118968075441,-0.0001178066797189879,49,691000000,
-0.014753836977566517,-0.00032524117638602795,-0.00021227705056729417,49,696000000,
-0.036515938209843814,-0.015291744617604516,-0.0004281969713021443,49,701000000,
-0.009813238582870882,-0.009200398747594157,-0.0001639429421892524,49,706000000,
-0.02400762173452113,0.002403408845003569,5.0623063297787354e-05,49,711000000,
-0.030445803045378205,0.010730088940829264,-0.00027000141297247086,49,716000000,
-0.01677802665334392,0.015654243976107485,6.694799707217727e-05,49,721000000,
-0.05296762812411539,-0.03924936946452767,-0.00012242011604983807,49,726000000,
-0.03826158646196381,-0.03083144156453675,-3.238576860507172e-05,49,731000000,
-0.04236763521936329,-0.016503644333403143,-0.0003093587327529837,49,736000000,
-0.03518512866142248,0.002803860284251097,8.211767175811243e-05,49,741000000,
-0.042933684346235894,0.011424628856503034,-6.089203608361703e-05,49,746000000,
-0.03135874571080046,0.00016495499296087653,-8.83582051049201e-05,49,751000000,
-0.04646078301269101,0.0024894530422961115,-1.079756596966141e-05,49,756000000,
-0.0210340215796242,-0.005368951631273453,-0.0003582235002892744,49,761000000,
-0.02665929468909853,-0.01809274669225937,0.00011393368239557843,49,766000000,
-0.021519100765375634,-0.009643470042617508,-4.012774582634619e-05,49,771000000,
-0.025153359844171438,-0.002410496835347261,1.5762981012248584e-05,49,776000000,
-0.015500947691947865,-0.006958991039704634,6.544973719659881e-05,49,781000000,
-0.06736974944643295,0.02800562106551411,5.368710416985683e-05,49,786000000,
-0.05598618723253203,0.01608071207795201,3.105280311397321e-05,49,791000000,
-0.0424981847051225,0.007612459373335447,0.00014134947278429525,49,796000000,
-0.033563807128357784,0.013074261125048411,-0.00015667700208389846,49,801000000,
-0.011029727669570052,0.03094283717443969,-0.00018215380835970383,49,806000000,
-0.038802876354178464,0.004534700855384717,-0.00023086044961476745,49,811000000,
-0.055721084402007556,-0.010999810975420823,-8.120047845239033e-05,49,816000000,
-0.06863370201215921,0.006191953221721591,-7.862233899699044e-05,49,821000000,
-0.061128090333487525,-0.015213050851295566,0.0004264977656419694,49,826000000,
-0.026391966290607215,-0.0025877902483285066,0.0004476869463835258,49,831000000,
-0.04435595958969891,0.029434692924038157,2.0977931797037335e-05,49,836000000,
-0.056549310752154594,0.02208785838347585,-0.00012608603063902818,49,841000000,
-0.036592415927150304,-0.023162192182477125,-0.0001278282262541845,49,846000000,
-0.058871475256868935,-0.00065903978700318,8.785671322115185e-05,49,851000000,
-0.0553014677917318,-0.016826878936165697,0.00012733839389312459,49,856000000,
-0.04660362215455276,-0.01132899164395692,4.6800688996186706e-06,49,861000000,
-0.037459059500079696,0.019718702794128552,8.88133852720388e-05,49,866000000,
-0.03640849864945251,0.010030202574840604,-0.00015447809949980653,49,872000000,
-0.05461264339977342,-0.006900350207367028,3.814262727665209e-06,49,877000000,
-0.04707788033404274,-0.02726465392289198,0.00018229671623151022,49,882000000,
-0.05573901139469176,-0.0038306218146812072,-0.00011537842250822515,49,887000000,
-0.04926131970645611,-0.01936270736024192,0.00015960099235546034,49,892000000,
-0.0538090384593751,-0.011819932555658412,0.00013411814639040256,49,897000000,
-0.027732148941568283,0.0012658033470281116,-1.957528953810129e-05,49,902000000,
-0.08160246443857667,0.0015318607980430846,-0.00034906810674260186,49,907000000,
-0.03597831660132626,-0.022322381963346946,-0.00016136208190047535,49,912000000,
-0.05587813264086719,0.0007147485044615412,-0.0004939518368520038,49,917000000,
-0.05279707273908622,0.017372728703394152,0.0002925672982803896,49,922000000,
-0.021269873747323195,0.021647379803027892,-0.0001779948577315874,49,927000000,
-0.08347634832915607,-0.04284085565834274,-0.0001925503575032136,49,932000000,
-0.002517218884101783,0.018214973991411823,-0.0002260250018675296,49,937000000,
-0.06571478535543766,-0.004845947843253047,-1.28660262995018e-05,49,942000000,
-0.11489731336658189,-0.0032066855640872543,8.38150947052925e-05,49,947000000,
0.025591386889682037,0.014333569552241488,-0.00032748983187865036,49,952000000,
-0.18486438663490043,0.013863149239466651,0.00022472017230019126,49,957000000,
-0.036221671616173,0.017320774770810284,5.0610818498719246e-05,49,962000000,
-0.03398876098761559,-0.0051716847426679135,0.00027806186450623745,49,967000000,
-0.15020072123738623,-0.000774745792127434,-2.8251692461728756e-05,49,972000000,
-0.03634227877989224,0.012676676097847615,-0.00016163306895518458,49,977000000,
0.025568155428335217,-0.022433728626423986,0.0002651309569300169,49,982000000,
-0.12419731266387753,0.004481117426923084,-0.00013689239715671713,49,987000000,
-0.06662023625237935,-0.02120835132681898,0.00012985643634060338,49,992000000,
-0.05373377321442326,0.03212526004111649,-8.002425031404735e-05,49,997000000,
-0.06776569110324125,-0.013995295013821006,-6.842547773498984e-06,50,2000000,
-0.06166729354632076,0.00413001074468433,8.037179439214974e-05,50,7000000,
-0.09031764352092081,-0.014454709234181917,-0.0003015963374821926,50,12000000,
-0.057588940707154035,-0.0037817971947878516,0.00011145861170473838,50,17000000,
-0.06434533814779216,-0.004255533142735357,-0.00019393428374874064,50,22000000,
-0.055235790595294765,-0.01364729390350408,0.00023976390738045662,50,27000000,
-0.07466475906685527,0.016430614126571336,0.00025234757532148646,50,32000000,
-0.0734707213960619,0.023484343331153536,1.948554490853805e-05,50,37000000,
-0.09281454022554023,-0.008478233404382165,-0.00022402951848014908,50,42000000,
-0.03696778463542933,-0.02497130641734989,-0.0001243646180255764,50,47000000,
-0.05037221692006348,-0.0019176726569687913,-5.801973034276458e-05,50,52000000,
-0.08053049378257882,-0.003726191124781688,-2.070096325958338e-06,50,57000000,
-0.04741050517533072,-0.003810861951813689,-0.0002523808159099212,50,62000000,
-0.05827047954501287,0.014997355888938586,-2.7554073847989556e-05,50,67000000,
-0.07341239616182238,-0.010775252822285555,3.4249109586397686e-05,50,72000000,
-0.07042007451484901,0.014091152831882678,4.187068502345884e-05,50,77000000,
-0.05518477002415674,-0.011623394359537654,-0.0005708145553321189,50,82000000,
-0.10955466401413318,-0.010016600615938195,-0.000147242734374087,50,87000000,
-0.060163664604278855,-0.012271578878032395,-0.00012252920096170335,50,92000000,
-0.07594727552746104,0.018965633497415584,0.00022153689723814756,50,97000000,
-0.07913830754178354,0.019875845973113284,0.00018061169518715433,50,102000000,
-0.0994266800662453,-0.009384307771758752,0.0006567581548940143,50,107000000,
-0.07477688177408133,0.013010305251794314,6.129521520043228e-05,50,112000000,
-0.1065763964033458,0.01830545895517689,-0.0004498277829654849,50,117000000,
-0.08524743907946894,-0.003200732946767451,-0.0002655495060073447,50,122000000,
-0.05301012860547912,0.011279208952610285,-0.00038301090080371903,50,127000000,
-0.0771384242522179,0.015575153990027627,5.416421560369883e-05,50,132000000,
-0.05213947750640839,0.026043418632057627,0.00037181395551996906,50,137000000,
-0.054349174332765676,-0.01543524518143189,0.00028051530167584436,50,142000000,
