acc_x, acc_y, angular_z, stamp, 
-0.027630272850723888,0.006324316173524144,9.542394873927182e-07,builtin_interfaces.msg.Time(sec=2, nanosec=467000000),
-0.029653051063190775,-0.01709627037228253,0.00016087776523358364,builtin_interfaces.msg.Time(sec=2, nanosec=472000000),
-0.051518248006532555,0.02489716541556234,0.0006178954796100918,builtin_interfaces.msg.Time(sec=2, nanosec=477000000),
-0.05717210280005827,0.0053323495327756,-1.3723321342092994e-05,builtin_interfaces.msg.Time(sec=2, nanosec=482000000),
-0.018139378345018314,0.027254431213699016,6.669269594936288e-05,builtin_interfaces.msg.Time(sec=2, nanosec=487000000),
-0.027909143472871305,0.017603866522261244,9.596284288244993e-05,builtin_interfaces.msg.Time(sec=2, nanosec=492000000),
-0.020105199144870488,-0.013207525273924832,-9.624954728360692e-05,builtin_interfaces.msg.Time(sec=2, nanosec=497000000),
-0.05809155008373517,0.0002626178789674348,0.00040898448767341173,builtin_interfaces.msg.Time(sec=2, nanosec=502000000),
-0.052338512395638186,0.024913133269724833,-0.00030287807576380064,builtin_interfaces.msg.Time(sec=2, nanosec=507000000),
-0.044906225888282,0.015155064801895933,-0.00017088304408428913,builtin_interfaces.msg.Time(sec=2, nanosec=512000000),
-0.0818152530391166,0.00934423044922742,-8.751350022311418e-06,builtin_interfaces.msg.Time(sec=2, nanosec=517000000),
-0.019242328008597306,-0.00479775760826582,-0.00011635784088122191,builtin_interfaces.msg.Time(sec=2, nanosec=522000000),
-0.04019856876392325,-0.030781538024371113,-8.61603003780564e-06,builtin_interfaces.msg.Time(sec=2, nanosec=527000000),
-0.05608612815321401,-0.01614853456367347,-0.00010468265175646687,builtin_interfaces.msg.Time(sec=2, nanosec=532000000),
-0.034267837098790874,0.0013575978070428753,0.00021634646380971271,builtin_interfaces.msg.Time(sec=2, nanosec=537000000),
-0.032569184526758804,-0.0027024279719954558,0.0001581159778852754,builtin_interfaces.msg.Time(sec=2, nanosec=542000000),
-0.03778064527821255,0.021589829763221956,-0.00010101246033900344,builtin_interfaces.msg.Time(sec=2, nanosec=547000000),
-0.03297050871037435,0.004060620218670674,0.00011550358628015972,builtin_interfaces.msg.Time(sec=2, nanosec=552000000),
-0.02898533769522509,-0.014227394094442425,-0.0002478076804042044,builtin_interfaces.msg.Time(sec=2, nanosec=557000000),
-0.0675028495694549,-0.004026092422083282,-0.00021204550354106302,builtin_interfaces.msg.Time(sec=2, nanosec=562000000),
-0.005330495626396717,-0.028627678383232116,9.337934768876173e-05,builtin_interfaces.msg.Time(sec=2, nanosec=567000000),
6.855793951269909,-9.140736302285391e-05,-6.692534119951402e-05,builtin_interfaces.msg.Time(sec=2, nanosec=572000000),
-0.1380449287055515,0.002675941160273045,0.0002840784169698437,builtin_interfaces.msg.Time(sec=2, nanosec=577000000),
-0.09333865670838569,-0.002442177699850088,9.860692677184007e-05,builtin_interfaces.msg.Time(sec=2, nanosec=582000000),
-0.07326848153255776,0.012828336747278901,0.00014987944560976318,builtin_interfaces.msg.Time(sec=2, nanosec=587000000),
-0.009846045417480784,-0.027300396505232888,-0.0003589220840407143,builtin_interfaces.msg.Time(sec=2, nanosec=592000000),
-0.06024960781461806,0.004332063906441885,-0.0004087056558346003,builtin_interfaces.msg.Time(sec=2, nanosec=597000000),
-0.006822842271759409,0.022951439378404746,-0.00012310768956816308,builtin_interfaces.msg.Time(sec=2, nanosec=602000000),
6.937781031903986,0.029884255787539248,8.121147389354823e-06,builtin_interfaces.msg.Time(sec=2, nanosec=607000000),
-0.17850360790600683,0.024863720138727216,0.00015721040882320307,builtin_interfaces.msg.Time(sec=2, nanosec=612000000),
-0.08326408676653295,0.005309312641315564,-4.240722407900179e-05,builtin_interfaces.msg.Time(sec=2, nanosec=617000000),
-0.03310084537671387,-0.0023564011484128004,0.00018131797585436637,builtin_interfaces.msg.Time(sec=2, nanosec=622000000),
-0.016499475117574623,0.02578093898568834,0.00022791246516536687,builtin_interfaces.msg.Time(sec=2, nanosec=627000000),
-0.05394367347334134,-0.0475534564107227,5.252151438144779e-05,builtin_interfaces.msg.Time(sec=2, nanosec=632000000),
5.644151443090456,0.007149830465501767,0.00011539745630695277,builtin_interfaces.msg.Time(sec=2, nanosec=637000000),
1.2172723370644487,0.057370909239097365,0.00019955780946621826,builtin_interfaces.msg.Time(sec=2, nanosec=642000000),
-0.15781631991373685,-0.013410928566881123,0.00015697521519250808,builtin_interfaces.msg.Time(sec=2, nanosec=647000000),
-0.05861145689052884,-0.0036516171768772596,-7.309217923991195e-05,builtin_interfaces.msg.Time(sec=2, nanosec=652000000),
-0.012295783620986132,-0.02194785952829469,0.00011876555540507964,builtin_interfaces.msg.Time(sec=2, nanosec=657000000),
-0.04065611721232067,-0.006525675579966934,-0.00012047290442880864,builtin_interfaces.msg.Time(sec=2, nanosec=662000000),
-0.03418787613138835,0.020800798577894703,0.0003287004270506053,builtin_interfaces.msg.Time(sec=2, nanosec=667000000),
6.76324359580572,0.0016930046129564895,0.00011946505770072007,builtin_interfaces.msg.Time(sec=2, nanosec=672000000),
0.07696974019250671,-0.012777812255533618,-0.000364727891359693,builtin_interfaces.msg.Time(sec=2, nanosec=677000000),
-0.09803216840349774,-0.01231118474735515,1.9447732285507472e-05,builtin_interfaces.msg.Time(sec=2, nanosec=682000000),
-0.035556774206680845,-0.00391129708874019,-3.881084472650435e-05,builtin_interfaces.msg.Time(sec=2, nanosec=687000000),
-0.024499950205032137,-0.015965125016190115,-6.045532101261409e-05,builtin_interfaces.msg.Time(sec=2, nanosec=692000000),
-0.036882829475921766,0.0007111223025277112,0.0002745731526816975,builtin_interfaces.msg.Time(sec=2, nanosec=697000000),
-0.059878701640148205,-0.004786045974471785,0.00010122526356895303,builtin_interfaces.msg.Time(sec=2, nanosec=702000000),
6.9717421064253795,0.002840922436598014,2.569137995459034e-05,builtin_interfaces.msg.Time(sec=2, nanosec=707000000),
-0.1421234067019061,0.00587406020255642,0.00020465133265520203,builtin_interfaces.msg.Time(sec=2, nanosec=712000000),
-0.08476977261518469,0.01700432077947278,0.0005339262405489666,builtin_interfaces.msg.Time(sec=2, nanosec=717000000),
-0.02299892040690058,-0.013238610273091974,-9.810009499602553e-05,builtin_interfaces.msg.Time(sec=2, nanosec=722000000),
-0.04525311219414735,-0.01341737483300569,-0.00022393397600708182,builtin_interfaces.msg.Time(sec=2, nanosec=727000000),
-0.038111828437387675,0.023007494901703358,0.00044999814441502216,builtin_interfaces.msg.Time(sec=2, nanosec=732000000),
-0.029994088737062583,-0.01497906663345705,0.00012726184619650502,builtin_interfaces.msg.Time(sec=2, nanosec=737000000),
6.927980077828674,0.00944216577644847,0.00019556238836868255,builtin_interfaces.msg.Time(sec=2, nanosec=742000000),
-0.17946633774072426,0.041088585057974435,0.0002467812335428326,builtin_interfaces.msg.Time(sec=2, nanosec=747000000),
-0.0780077009233154,-0.014533428993513285,-0.0003959594397726775,builtin_interfaces.msg.Time(sec=2, nanosec=752000000),
-0.061902281258101224,0.030746275332384748,0.00023887956127037835,builtin_interfaces.msg.Time(sec=2, nanosec=757000000),
-0.017161125191854646,0.005137974197626318,4.1152020218022665e-05,builtin_interfaces.msg.Time(sec=2, nanosec=762000000),
0.0040344998898694875,-0.01764780370004489,-0.0001046397851739629,builtin_interfaces.msg.Time(sec=2, nanosec=767000000),
-0.04171934011350956,-0.008197915979300311,-0.00011114318102404247,builtin_interfaces.msg.Time(sec=2, nanosec=772000000),
6.909137125762264,0.011401325411797883,-0.0002894759159509082,builtin_interfaces.msg.Time(sec=2, nanosec=777000000),
-0.12369204214127119,0.022131625781304093,-0.0003133809876729801,builtin_interfaces.msg.Time(sec=2, nanosec=782000000),
-0.04322132531079691,-0.013665969967864374,-0.00021100171409417625,builtin_interfaces.msg.Time(sec=2, nanosec=787000000),
-0.033250273581084906,0.009973554266275582,-0.00014710525063399597,builtin_interfaces.msg.Time(sec=2, nanosec=792000000),
-0.027643457719705708,0.010063408120418674,-6.752884526078803e-05,builtin_interfaces.msg.Time(sec=2, nanosec=797000000),
-0.02295488814737245,-0.02946440461725048,-0.0003291219859395961,builtin_interfaces.msg.Time(sec=2, nanosec=802000000),
5.629717451899397,0.003363728584223266,-0.0004703355258806932,builtin_interfaces.msg.Time(sec=2, nanosec=807000000),
1.2320866526043979,-0.008644566171140422,0.00018831624177641,builtin_interfaces.msg.Time(sec=2, nanosec=812000000),
-0.08744907255254035,-0.0073933190687010455,0.00010594273094730709,builtin_interfaces.msg.Time(sec=2, nanosec=817000000),
-0.006886322088285591,-0.0009574759490158062,0.00021684469934385146,builtin_interfaces.msg.Time(sec=2, nanosec=822000000),
-0.02704213203329558,-0.026720832450147346,0.00017032336892941802,builtin_interfaces.msg.Time(sec=2, nanosec=827000000),
-0.04731058034961487,0.004435072765983366,-7.190774230885895e-05,builtin_interfaces.msg.Time(sec=2, nanosec=832000000),
0.01079669981919414,-0.01570082907885783,0.0002843753416145672,builtin_interfaces.msg.Time(sec=2, nanosec=837000000),
6.7578169371604515,0.010435304352070754,3.646061999222711e-05,builtin_interfaces.msg.Time(sec=2, nanosec=842000000),
0.09834768802742225,-0.009261811540886967,0.00040442813750309867,builtin_interfaces.msg.Time(sec=2, nanosec=847000000),
-0.07703599037074949,0.012289006749434459,-9.007386764043299e-05,builtin_interfaces.msg.Time(sec=2, nanosec=852000000),
-7.823589977296735e-05,0.01312425192152087,0.0002529191335760715,builtin_interfaces.msg.Time(sec=2, nanosec=857000000),
-0.00511414307345881,-0.01145328093503819,-3.872582998951233e-05,builtin_interfaces.msg.Time(sec=2, nanosec=862000000),
-0.008560067124453175,-0.010887705236238259,-4.011116141413015e-05,builtin_interfaces.msg.Time(sec=2, nanosec=867000000),
0.01224570149432123,0.02296358896773336,0.0001425635440396421,builtin_interfaces.msg.Time(sec=2, nanosec=872000000),
7.013219979073073,-0.01772705338908954,0.00023621644769074925,builtin_interfaces.msg.Time(sec=2, nanosec=877000000),
-0.1087526079286395,0.003532884832274785,0.0001617369243959455,builtin_interfaces.msg.Time(sec=2, nanosec=882000000),
-0.04399462117490437,-0.005723849475859474,-8.15387996132198e-05,builtin_interfaces.msg.Time(sec=2, nanosec=887000000),
-0.0187814095227386,-0.008548593737642125,3.248506675117495e-05,builtin_interfaces.msg.Time(sec=2, nanosec=892000000),
-0.016676879952756272,0.009196336409491494,4.0550296773442806e-05,builtin_interfaces.msg.Time(sec=2, nanosec=897000000),
-0.0042976669680176455,0.010516140466051668,-7.77796185065198e-05,builtin_interfaces.msg.Time(sec=2, nanosec=902000000),
0.00598064498281173,0.014209355044305875,-0.00018486337106309752,builtin_interfaces.msg.Time(sec=2, nanosec=907000000),
6.9404929645765785,0.0015599535073517576,-0.0002877965379638115,builtin_interfaces.msg.Time(sec=2, nanosec=912000000),
-0.10081375046638134,0.018477846630147586,-0.00019671445122415265,builtin_interfaces.msg.Time(sec=2, nanosec=917000000),
-0.03775131531758959,0.03381348849985815,0.0001634623634042226,builtin_interfaces.msg.Time(sec=2, nanosec=922000000),
-0.0031839095920765193,0.010246027641744737,0.0002911581279306794,builtin_interfaces.msg.Time(sec=2, nanosec=927000000),
0.004076013231762475,-0.0036107567257279995,-7.463107710683204e-05,builtin_interfaces.msg.Time(sec=2, nanosec=932000000),
0.03424362638656741,-0.015114466914855795,0.0003460974279784177,builtin_interfaces.msg.Time(sec=2, nanosec=937000000),
0.012202034873360908,-0.016177639709157254,-0.0002420586163780078,builtin_interfaces.msg.Time(sec=2, nanosec=942000000),
6.97593011498109,-0.005669559408956658,0.0001939422022006363,builtin_interfaces.msg.Time(sec=2, nanosec=947000000),
-0.10525846508086631,-0.005236195672998117,-0.0002772390947843506,builtin_interfaces.msg.Time(sec=2, nanosec=952000000),
0.0036294104903950956,0.007375014829958064,3.5298037313250864e-05,builtin_interfaces.msg.Time(sec=2, nanosec=957000000),
0.014255974318641453,0.009707782699923976,0.00034526208395398134,builtin_interfaces.msg.Time(sec=2, nanosec=962000000),
0.007533571810456247,-0.013050053581731627,0.00021482584872852724,builtin_interfaces.msg.Time(sec=2, nanosec=967000000),
0.01816929295904375,0.005566361968153669,-0.00015483218503517507,builtin_interfaces.msg.Time(sec=2, nanosec=972000000),
5.698836482684609,0.035064584834783294,2.4399503498533788e-05,builtin_interfaces.msg.Time(sec=2, nanosec=977000000),
1.5883293850079472,0.008724367828816892,-0.00020987734311950533,builtin_interfaces.msg.Time(sec=2, nanosec=982000000),
-0.09032773798918226,0.0046567373946111235,0.00039240926009811446,builtin_interfaces.msg.Time(sec=2, nanosec=987000000),
-0.001427713139018424,-0.008007408683994043,0.00031108708899833267,builtin_interfaces.msg.Time(sec=2, nanosec=992000000),
0.005741546651953245,0.027061720817742784,-0.00038597164497397476,builtin_interfaces.msg.Time(sec=2, nanosec=997000000),
-0.02115277720177719,0.020912468266591613,4.077399199930932e-05,builtin_interfaces.msg.Time(sec=3, nanosec=2000000),
0.04183732090477523,0.0028523876891334756,-0.0003091327779304544,builtin_interfaces.msg.Time(sec=3, nanosec=7000000),
7.117432561279829,0.001801102431294996,-0.0004901710993996854,builtin_interfaces.msg.Time(sec=3, nanosec=12000000),
1.0601232620615093,-0.018441958472048894,-7.152286502565925e-05,builtin_interfaces.msg.Time(sec=3, nanosec=17000000),
-0.07194607956815147,0.019917088580055274,-0.0002186188792916454,builtin_interfaces.msg.Time(sec=3, nanosec=22000000),
0.01523437378112439,0.027665396467936962,0.00011719065284440645,builtin_interfaces.msg.Time(sec=3, nanosec=27000000),
0.04113274498457138,0.026234154306008988,-0.0003847271411931878,builtin_interfaces.msg.Time(sec=3, nanosec=32000000),
0.03455474925940371,-0.003935238960906,-0.00025068799063911277,builtin_interfaces.msg.Time(sec=3, nanosec=37000000),
0.04393755433711906,-0.009355452530631267,1.7233285878933786e-05,builtin_interfaces.msg.Time(sec=3, nanosec=42000000),
7.000820205227854,-0.004446530032568475,0.00010593185167950645,builtin_interfaces.msg.Time(sec=3, nanosec=47000000),
-0.055084641465613385,-0.0013540970176589067,-2.1944786536304666e-05,builtin_interfaces.msg.Time(sec=3, nanosec=52000000),
-0.013121071368322886,0.010440302837271891,0.0001241763611043286,builtin_interfaces.msg.Time(sec=3, nanosec=57000000),
0.015968776855166116,-0.009210622799620944,-0.00017632693091662732,builtin_interfaces.msg.Time(sec=3, nanosec=62000000),
0.032342734572580925,0.0069681998633769095,8.107194900246893e-05,builtin_interfaces.msg.Time(sec=3, nanosec=67000000),
0.03842768540235857,-0.014850197192424799,-0.0001247950607306788,builtin_interfaces.msg.Time(sec=3, nanosec=72000000),
0.05145629548986899,-0.01220556835469122,0.00017733619077860726,builtin_interfaces.msg.Time(sec=3, nanosec=77000000),
6.996187119439724,0.008535266068016913,0.0004310828859910539,builtin_interfaces.msg.Time(sec=3, nanosec=82000000),
-0.037213197494438854,-0.02136395394788675,8.367422607854434e-05,builtin_interfaces.msg.Time(sec=3, nanosec=87000000),
0.024578890456993272,0.013996038118007514,4.0395144643121437e-05,builtin_interfaces.msg.Time(sec=3, nanosec=92000000),
0.018257711023296024,0.012448562009505837,-7.016664679273496e-05,builtin_interfaces.msg.Time(sec=3, nanosec=97000000),
0.05509358277470286,0.0019246439992782322,-1.7531282471819303e-05,builtin_interfaces.msg.Time(sec=3, nanosec=102000000),
0.02977575960510093,0.007445108445054024,-0.0002926594113307632,builtin_interfaces.msg.Time(sec=3, nanosec=107000000),
0.055311121423579836,-0.008787132141228315,-3.113789468520548e-05,builtin_interfaces.msg.Time(sec=3, nanosec=112000000),
7.005083246988745,0.0027730617918400894,-0.0001594298635821956,builtin_interfaces.msg.Time(sec=3, nanosec=117000000),
-0.047362863517902455,0.0059121526957586785,2.701895095527636e-05,builtin_interfaces.msg.Time(sec=3, nanosec=122000000),
0.025507961637792984,-0.02972596963336583,-0.00010775059449641143,builtin_interfaces.msg.Time(sec=3, nanosec=127000000),
0.057928256275844095,0.014900281904633649,-0.00015100998983936872,builtin_interfaces.msg.Time(sec=3, nanosec=132000000),
0.05980355558151161,0.03152552110762192,-0.00041824017132131294,builtin_interfaces.msg.Time(sec=3, nanosec=137000000),
0.0693839404405013,-0.011205467915378742,0.0001473793515089801,builtin_interfaces.msg.Time(sec=3, nanosec=142000000),
5.740813895351982,0.005499276481484,0.0002592765011870508,builtin_interfaces.msg.Time(sec=3, nanosec=147000000),
1.3256082707254977,0.02006826138486439,-1.6925907787837195e-05,builtin_interfaces.msg.Time(sec=3, nanosec=152000000),
-0.029722703774610504,-0.003340144269190059,0.00025782371465582173,builtin_interfaces.msg.Time(sec=3, nanosec=157000000),
0.05585149662666236,-0.0017141689486395654,-7.115983522594285e-05,builtin_interfaces.msg.Time(sec=3, nanosec=162000000),
0.07335215796537603,-0.035987938681238424,8.831603013781295e-05,builtin_interfaces.msg.Time(sec=3, nanosec=167000000),
0.07608328164404891,0.010477492765846606,2.160110374160038e-05,builtin_interfaces.msg.Time(sec=3, nanosec=172000000),
0.08131240117004372,0.011256015482769277,0.00016744046086479908,builtin_interfaces.msg.Time(sec=3, nanosec=177000000),
6.897856418288526,-0.005713028385779402,-8.197805456656892e-05,builtin_interfaces.msg.Time(sec=3, nanosec=182000000),
0.19662222128920692,0.006546060870821285,-3.6522113575233745e-05,builtin_interfaces.msg.Time(sec=3, nanosec=187000000),
0.04370598285470476,0.02032113493209791,0.00019210419570774546,builtin_interfaces.msg.Time(sec=3, nanosec=192000000),
0.11191446228441679,-0.02069638772943535,-0.00020703673819021562,builtin_interfaces.msg.Time(sec=3, nanosec=197000000),
0.07290718759962722,0.008674494903801644,0.00013645427636001023,builtin_interfaces.msg.Time(sec=3, nanosec=202000000),
0.09141423999964296,-0.01785018521924052,0.00010758688442095009,builtin_interfaces.msg.Time(sec=3, nanosec=207000000),
0.07546165448425433,-0.027429497275924895,-0.00015496002083166711,builtin_interfaces.msg.Time(sec=3, nanosec=212000000),
7.061324377888465,0.004206639805433052,-0.0004587792717886257,builtin_interfaces.msg.Time(sec=3, nanosec=217000000),
0.011973108716028809,0.007184698983379379,0.0002709295486608647,builtin_interfaces.msg.Time(sec=3, nanosec=222000000),
0.03021331584607474,0.026428139823043185,-0.0001342458929935579,builtin_interfaces.msg.Time(sec=3, nanosec=227000000),
0.06491635944497615,0.005554770058553546,0.0002997525217219996,builtin_interfaces.msg.Time(sec=3, nanosec=232000000),
0.12142665271597106,0.007530710636574669,-9.619993892957945e-05,builtin_interfaces.msg.Time(sec=3, nanosec=237000000),
0.10760294803175326,-0.0285842557192685,4.015207461787956e-06,builtin_interfaces.msg.Time(sec=3, nanosec=242000000),
0.13079286276724783,9.727444097255454e-06,2.227476311933147e-06,builtin_interfaces.msg.Time(sec=3, nanosec=247000000),
7.071304915958726,0.0026436726974971084,-0.00014171442219868422,builtin_interfaces.msg.Time(sec=3, nanosec=252000000),
-0.0475937757210907,0.0038158224262529643,0.00013626838140516268,builtin_interfaces.msg.Time(sec=3, nanosec=257000000),
0.10178429540124138,-0.003509619468376186,0.00013285039391838888,builtin_interfaces.msg.Time(sec=3, nanosec=262000000),
0.14351274672600353,0.008424458063521448,-0.00019427485860577353,builtin_interfaces.msg.Time(sec=3, nanosec=267000000),
0.11985456773072684,-0.024166504061535594,3.003537276533594e-05,builtin_interfaces.msg.Time(sec=3, nanosec=272000000),
0.09227631653193216,-0.03315606733173705,-3.780198740682344e-05,builtin_interfaces.msg.Time(sec=3, nanosec=277000000),
0.1091231263006621,0.0018122947177716992,0.00010838776580253571,builtin_interfaces.msg.Time(sec=3, nanosec=282000000),
7.081155899104048,-0.010246080263590352,0.00022049758851082094,builtin_interfaces.msg.Time(sec=3, nanosec=287000000),
0.028380475555063164,-0.029312686044122897,-8.368282821352482e-05,builtin_interfaces.msg.Time(sec=3, nanosec=292000000),
0.10698253731325065,0.03948181623422629,-6.344426774363026e-05,builtin_interfaces.msg.Time(sec=3, nanosec=297000000),
0.15275218629021167,0.02110168256260292,-0.00020137734082929922,builtin_interfaces.msg.Time(sec=3, nanosec=302000000),
0.11408311624237354,0.028265392822094386,-0.000457795370567038,builtin_interfaces.msg.Time(sec=3, nanosec=307000000),
0.12316613567820978,0.01982190643580544,-0.00014443006246271076,builtin_interfaces.msg.Time(sec=3, nanosec=312000000),
0.14497175439425466,-0.012849470856454197,-0.00019366966486890065,builtin_interfaces.msg.Time(sec=3, nanosec=317000000),
5.906973533196031,-0.01541154086408576,-1.3065092491751004e-06,builtin_interfaces.msg.Time(sec=3, nanosec=322000000),
0.05885933580704841,0.0255716119941015,8.186130956193032e-05,builtin_interfaces.msg.Time(sec=3, nanosec=327000000),
0.14007779475751853,0.010056179457680963,-1.7582186492244772e-05,builtin_interfaces.msg.Time(sec=3, nanosec=332000000),
0.11813765584721515,0.0035743247453263807,-5.480156913220378e-05,builtin_interfaces.msg.Time(sec=3, nanosec=337000000),
0.11954253339157586,0.017259688416199556,-9.397689865434759e-05,builtin_interfaces.msg.Time(sec=3, nanosec=342000000),
0.11897278084140417,0.010208577693709236,-8.159288487671043e-05,builtin_interfaces.msg.Time(sec=3, nanosec=347000000),
6.950236290891693,0.0012012361503249869,0.0002692257015448316,builtin_interfaces.msg.Time(sec=3, nanosec=352000000),
0.2432816837056726,0.003824720452816486,0.00024841332317946453,builtin_interfaces.msg.Time(sec=3, nanosec=357000000),
0.07400847883727184,-0.002708330660656519,4.517837113585228e-05,builtin_interfaces.msg.Time(sec=3, nanosec=362000000),
0.11913999036017288,0.00010589749712732431,0.0001291262537793329,builtin_interfaces.msg.Time(sec=3, nanosec=367000000),
0.12794143476701378,0.004399508042942501,7.333147828743165e-05,builtin_interfaces.msg.Time(sec=3, nanosec=372000000),
0.13355806369578418,0.020512415271050192,0.00015959134379636418,builtin_interfaces.msg.Time(sec=3, nanosec=377000000),
0.14355708655449093,0.02225818186294579,0.00030897562593287174,builtin_interfaces.msg.Time(sec=3, nanosec=382000000),
7.136583005802554,0.03149102931284055,2.725726157451783e-05,builtin_interfaces.msg.Time(sec=3, nanosec=387000000),
0.07166745329277849,0.01666747884129399,-9.444182044748687e-05,builtin_interfaces.msg.Time(sec=3, nanosec=392000000),
0.12024905719762963,0.004517647932936886,-0.00010825934102190719,builtin_interfaces.msg.Time(sec=3, nanosec=397000000),
0.15041280263688298,-0.02901905789601778,0.0001600833253137939,builtin_interfaces.msg.Time(sec=3, nanosec=402000000),
0.17695654837930633,0.006775770653687363,0.00041896195559394184,builtin_interfaces.msg.Time(sec=3, nanosec=407000000),
0.17451444386077788,0.01301413722733821,-5.5383571566657144e-05,builtin_interfaces.msg.Time(sec=3, nanosec=412000000),
0.16980737903847037,0.010834218674296691,0.00016635670595106962,builtin_interfaces.msg.Time(sec=3, nanosec=417000000),
7.1481314061054455,0.011882419515797878,-0.00019599430928936458,builtin_interfaces.msg.Time(sec=3, nanosec=422000000),
0.026305380027676833,0.03005257032318187,-4.2957503984800645e-05,builtin_interfaces.msg.Time(sec=3, nanosec=427000000),
0.12709224957872498,-0.010875998944777534,1.6492176341067505e-05,builtin_interfaces.msg.Time(sec=3, nanosec=432000000),
0.13900507401661885,0.004742513397003235,-0.00019936293203606372,builtin_interfaces.msg.Time(sec=3, nanosec=437000000),
0.154103409058714,0.001841211123625207,0.00010866598362394624,builtin_interfaces.msg.Time(sec=3, nanosec=442000000),
0.17695614142688856,0.023210465032281028,-6.637051544133254e-06,builtin_interfaces.msg.Time(sec=3, nanosec=447000000),
0.18106731976184953,0.018177982614787383,-0.00038191400719951715,builtin_interfaces.msg.Time(sec=3, nanosec=452000000),
7.130980249357894,0.004645329907382124,-0.00010761190977011041,builtin_interfaces.msg.Time(sec=3, nanosec=457000000),
0.03903883520697005,0.008523195793512992,-1.720901406103978e-05,builtin_interfaces.msg.Time(sec=3, nanosec=462000000),
0.14586367030882477,0.01494464178641259,0.00013176230996233678,builtin_interfaces.msg.Time(sec=3, nanosec=467000000),
0.1759687640895382,-0.016507531557047202,-5.7243307991351255e-06,builtin_interfaces.msg.Time(sec=3, nanosec=472000000),
0.20240500207296583,-0.023318439079289845,0.00031677846090827876,builtin_interfaces.msg.Time(sec=3, nanosec=477000000),
0.203777932334215,-0.011145775290400825,-0.0001733003949339675,builtin_interfaces.msg.Time(sec=3, nanosec=482000000),
5.854782382627979,0.045507369321652065,-9.54519868363472e-05,builtin_interfaces.msg.Time(sec=3, nanosec=487000000),
1.4225884188875637,0.016576913404028504,-5.42385086729964e-06,builtin_interfaces.msg.Time(sec=3, nanosec=492000000),
0.11744574630380733,0.008518498393513487,0.0002895385253607654,builtin_interfaces.msg.Time(sec=3, nanosec=497000000),
0.15040056277560715,0.0037514152016163036,-6.658114863316921e-05,builtin_interfaces.msg.Time(sec=3, nanosec=502000000),
0.16038705176237694,0.021722729218369378,-0.00016200765845669375,builtin_interfaces.msg.Time(sec=3, nanosec=507000000),
0.19980058813084095,-0.017382361817396826,-0.00016206535277064267,builtin_interfaces.msg.Time(sec=3, nanosec=512000000),
0.19473884825770024,-0.014627618422685972,0.00020799082545194312,builtin_interfaces.msg.Time(sec=3, nanosec=517000000),
7.030772815456777,-0.019132539656456286,-0.0001394568522271911,builtin_interfaces.msg.Time(sec=3, nanosec=522000000),
0.31109024588247025,0.022020382746058078,-9.731555876092444e-05,builtin_interfaces.msg.Time(sec=3, nanosec=527000000),
0.15573348166917467,-0.01785740835344445,0.0003991109798598315,builtin_interfaces.msg.Time(sec=3, nanosec=532000000),
0.19687899973310571,0.011953486735941946,-5.810258337101767e-05,builtin_interfaces.msg.Time(sec=3, nanosec=537000000),
0.18133335382131036,0.011323632323628773,0.00021161873403357218,builtin_interfaces.msg.Time(sec=3, nanosec=542000000),
0.17628226401119187,0.008776654844649298,0.00045039439286342426,builtin_interfaces.msg.Time(sec=3, nanosec=547000000),
0.19329634956758213,0.010552750799599183,4.4008964344938684e-05,builtin_interfaces.msg.Time(sec=3, nanosec=552000000),
3.067164523001872,-0.01579603071321786,-7.364652179560234e-06,builtin_interfaces.msg.Time(sec=3, nanosec=557000000),
0.17450115702489613,0.02769035741743515,-0.0002103123035138491,builtin_interfaces.msg.Time(sec=3, nanosec=562000000),
0.21055807714544744,0.003598848383802202,-3.025674598477373e-05,builtin_interfaces.msg.Time(sec=3, nanosec=567000000),
0.23955421281710385,0.002554559267956561,-0.00014582723439709043,builtin_interfaces.msg.Time(sec=3, nanosec=572000000),
0.24812849563568903,0.003815352262863258,-0.0001952561191571248,builtin_interfaces.msg.Time(sec=3, nanosec=577000000),
0.24377385123910306,-0.017505261873244724,6.300461884310825e-05,builtin_interfaces.msg.Time(sec=3, nanosec=582000000),
0.21377418244157143,-0.008235049292051107,-4.356691461492177e-05,builtin_interfaces.msg.Time(sec=3, nanosec=587000000),
0.20345246767386693,-0.0063081743879099955,0.00013407653608129772,builtin_interfaces.msg.Time(sec=3, nanosec=592000000),
0.20677043286701552,0.009644458414999274,0.00030931998973788373,builtin_interfaces.msg.Time(sec=3, nanosec=597000000),
0.23373168320074952,-0.004214143061389612,9.740360937096133e-05,builtin_interfaces.msg.Time(sec=3, nanosec=602000000),
0.230343229006989,0.015111067024124453,-0.00035689818570938274,builtin_interfaces.msg.Time(sec=3, nanosec=607000000),
0.2292091627932858,-0.019477091778662095,0.00011772924199386184,builtin_interfaces.msg.Time(sec=3, nanosec=612000000),
0.24435223259514258,0.0041823866330012935,-0.0004086894186125479,builtin_interfaces.msg.Time(sec=3, nanosec=617000000),
0.22309682224516217,-0.010367526552288255,0.00019942093014097006,builtin_interfaces.msg.Time(sec=3, nanosec=622000000),
0.23016037434116926,-0.009759162908443282,0.00024211358716586033,builtin_interfaces.msg.Time(sec=3, nanosec=627000000),
0.23924931652272927,0.01523512955001579,-0.00020792570060857273,builtin_interfaces.msg.Time(sec=3, nanosec=632000000),
0.22040784183712697,-0.01649106156350722,0.00010703134250251229,builtin_interfaces.msg.Time(sec=3, nanosec=637000000),
0.24949589625844137,0.00779950128965087,6.513356886403955e-05,builtin_interfaces.msg.Time(sec=3, nanosec=642000000),
0.2497198990272907,-0.006033947777975649,-4.622973735313685e-05,builtin_interfaces.msg.Time(sec=3, nanosec=647000000),
0.2503203910556931,0.03224350087967588,-1.2778726031509454e-06,builtin_interfaces.msg.Time(sec=3, nanosec=652000000),
0.2769749681878458,0.0020268778488185275,0.00019399539795834027,builtin_interfaces.msg.Time(sec=3, nanosec=657000000),
0.2582906521274902,0.020162658646796634,-8.797556806990626e-05,builtin_interfaces.msg.Time(sec=3, nanosec=662000000),
0.2671279155094338,0.019426911665655338,-8.213458008340566e-05,builtin_interfaces.msg.Time(sec=3, nanosec=667000000),
0.2489184565328929,0.0009059604933908215,-7.674077273789272e-05,builtin_interfaces.msg.Time(sec=3, nanosec=672000000),
0.24450565859911022,0.00546888971167482,-3.113136919106622e-05,builtin_interfaces.msg.Time(sec=3, nanosec=677000000),
0.22218348099652702,0.002519010552059548,3.590380152050029e-05,builtin_interfaces.msg.Time(sec=3, nanosec=682000000),
0.2167058859844777,-0.0032469895470901835,-0.0001110697089838952,builtin_interfaces.msg.Time(sec=3, nanosec=687000000),
0.2788944289187903,0.029814441606654675,0.00016121693572880482,builtin_interfaces.msg.Time(sec=3, nanosec=692000000),
0.28580773971207774,0.005312804771220643,0.00017435718865181713,builtin_interfaces.msg.Time(sec=3, nanosec=697000000),
0.23420393505291426,0.0024905286277162094,-0.00021980140071277345,builtin_interfaces.msg.Time(sec=3, nanosec=702000000),
0.2445275877775344,0.0005278283538048801,-0.00019748433640968287,builtin_interfaces.msg.Time(sec=3, nanosec=707000000),
0.24887243639655596,-0.0207108718897001,0.00022485403915921084,builtin_interfaces.msg.Time(sec=3, nanosec=712000000),
0.2712887972090276,0.015078307481670657,0.00025063491448160406,builtin_interfaces.msg.Time(sec=3, nanosec=717000000),
0.29437654092268617,0.010619971035013104,0.0003284749469363493,builtin_interfaces.msg.Time(sec=3, nanosec=722000000),
0.2868027188290353,0.01589341265632153,0.0004211443931751714,builtin_interfaces.msg.Time(sec=3, nanosec=727000000),
0.2913774133613285,0.005261519584990305,0.00010439864023150426,builtin_interfaces.msg.Time(sec=3, nanosec=732000000),
0.2997608816781199,0.019595185485895526,-0.0003706796496495769,builtin_interfaces.msg.Time(sec=3, nanosec=737000000),
0.2838910386937363,-0.017519533274841667,0.00023503526266249172,builtin_interfaces.msg.Time(sec=3, nanosec=742000000),
0.2551568589879325,-0.008332902801783035,0.00023131459987902022,builtin_interfaces.msg.Time(sec=3, nanosec=747000000),
0.25758514138558536,-0.019609965114172116,-0.00011431332611314896,builtin_interfaces.msg.Time(sec=3, nanosec=752000000),
0.25373294013978176,0.00546232736963208,-0.000230633095291292,builtin_interfaces.msg.Time(sec=3, nanosec=757000000),
0.25287354981529986,-0.010887961856613605,-6.31488810969778e-05,builtin_interfaces.msg.Time(sec=3, nanosec=762000000),
0.261071300438371,0.01725143075980725,-5.391331850819342e-05,builtin_interfaces.msg.Time(sec=3, nanosec=767000000),
0.27078158032421157,0.016578589091513985,4.013376939640666e-05,builtin_interfaces.msg.Time(sec=3, nanosec=772000000),
0.28113581390952924,-0.016853945030536846,3.6264615049305584e-05,builtin_interfaces.msg.Time(sec=3, nanosec=777000000),
0.28842000305346566,-0.016847862338355998,6.800695217270392e-05,builtin_interfaces.msg.Time(sec=3, nanosec=782000000),
0.2792968430042102,-0.01083995724217968,0.0002356069337862442,builtin_interfaces.msg.Time(sec=3, nanosec=787000000),
0.28670265457086963,-0.014722338804633332,0.0002579056421335189,builtin_interfaces.msg.Time(sec=3, nanosec=792000000),
0.3015936748108121,-0.00010857396412522979,-8.364482924734839e-05,builtin_interfaces.msg.Time(sec=3, nanosec=797000000),
0.30021750503633693,0.00553660003535215,8.730301960333324e-05,builtin_interfaces.msg.Time(sec=3, nanosec=802000000),
0.27385293671700095,0.010556784985949613,-0.0002486622332672138,builtin_interfaces.msg.Time(sec=3, nanosec=807000000),
0.29725028718771407,0.006283812114935613,0.00024131786973338837,builtin_interfaces.msg.Time(sec=3, nanosec=812000000),
0.2568324822402861,-0.0016992035510787853,0.00034387978599570164,builtin_interfaces.msg.Time(sec=3, nanosec=817000000),
0.24016608606617534,-0.0368190234919489,-0.0003777435416999249,builtin_interfaces.msg.Time(sec=3, nanosec=822000000),
0.3083954556342377,0.002407195642865677,9.14612983075921e-05,builtin_interfaces.msg.Time(sec=3, nanosec=827000000),
0.2658494279679343,0.012819179527277505,-6.697536802272624e-05,builtin_interfaces.msg.Time(sec=3, nanosec=832000000),
0.2965855450625323,-0.013840858667230447,0.00021670304667144818,builtin_interfaces.msg.Time(sec=3, nanosec=837000000),
0.26175934573356346,-0.0009137757140883524,9.026684076742563e-05,builtin_interfaces.msg.Time(sec=3, nanosec=842000000),
0.2988198684688236,0.03004564376805435,-0.00025525975735636846,builtin_interfaces.msg.Time(sec=3, nanosec=847000000),
0.25979810292793104,-0.009224419718632233,-0.0002411343831904465,builtin_interfaces.msg.Time(sec=3, nanosec=852000000),
0.2977261863559389,0.008658579281810902,3.98393977906906e-05,builtin_interfaces.msg.Time(sec=3, nanosec=857000000),
0.27030886354386463,0.006952325255896852,0.00016995926114473267,builtin_interfaces.msg.Time(sec=3, nanosec=862000000),
0.28489651752676526,0.028770609477022507,-5.331732192453998e-05,builtin_interfaces.msg.Time(sec=3, nanosec=867000000),
0.24753097463065224,-0.002044471934250659,0.0006933738448532593,builtin_interfaces.msg.Time(sec=3, nanosec=872000000),
0.28083429797284487,-0.003559905701556601,-8.411918203827718e-05,builtin_interfaces.msg.Time(sec=3, nanosec=877000000),
0.2806655902606194,-0.00566274691030756,0.00010330233127105141,builtin_interfaces.msg.Time(sec=3, nanosec=882000000),
0.27140049601682803,-0.026518341859550657,0.0001968848431761162,builtin_interfaces.msg.Time(sec=3, nanosec=887000000),
0.26994765205352544,0.015989711190735955,0.0003541737443369656,builtin_interfaces.msg.Time(sec=3, nanosec=892000000),
0.2837836299927751,-0.007295026943613432,0.00038100721076917706,builtin_interfaces.msg.Time(sec=3, nanosec=897000000),
0.3225693175427107,-0.023396295080503192,0.0003551427899174275,builtin_interfaces.msg.Time(sec=3, nanosec=902000000),
0.2761731976531696,0.0440547505417064,-0.00021743182937314576,builtin_interfaces.msg.Time(sec=3, nanosec=907000000),
0.3120101773969189,0.011202731095526317,0.00014112627898835603,builtin_interfaces.msg.Time(sec=3, nanosec=912000000),
0.30394781518177943,-0.016340686982999446,0.00013063461365010759,builtin_interfaces.msg.Time(sec=3, nanosec=917000000),
0.288937103584942,-0.006181942899651268,0.00010018211905725167,builtin_interfaces.msg.Time(sec=3, nanosec=922000000),
0.29112074583502284,-0.0017782009425140659,-0.00016277195880224442,builtin_interfaces.msg.Time(sec=3, nanosec=927000000),
0.2801494703032592,-0.002267871680903851,3.770485175751925e-05,builtin_interfaces.msg.Time(sec=3, nanosec=932000000),
0.2770692177789215,-0.005158247124151588,-3.3509030738721736e-05,builtin_interfaces.msg.Time(sec=3, nanosec=937000000),
0.2731551554893049,-0.008199403606569091,-6.423469335236633e-05,builtin_interfaces.msg.Time(sec=3, nanosec=942000000),
0.2546934494848365,-0.02050789316554124,0.0003198459976455442,builtin_interfaces.msg.Time(sec=3, nanosec=947000000),
0.27344071255648084,0.020086705211827868,9.156043236732036e-05,builtin_interfaces.msg.Time(sec=3, nanosec=952000000),
0.2967807418811619,0.0061450438526809035,0.0001215965209564557,builtin_interfaces.msg.Time(sec=3, nanosec=957000000),
0.30569545028926004,-0.01665069248480879,0.0001485954477279697,builtin_interfaces.msg.Time(sec=3, nanosec=962000000),
0.2877392318208328,-0.014105984952066613,9.689027537833983e-05,builtin_interfaces.msg.Time(sec=3, nanosec=967000000),
0.26495139223729913,-0.0038852444413831214,0.00011236082092322928,builtin_interfaces.msg.Time(sec=3, nanosec=972000000),
0.3020412588437373,0.019746742259936233,0.0003593482237679211,builtin_interfaces.msg.Time(sec=3, nanosec=977000000),
0.2675966403518544,-0.010978755546701401,-2.652131944081615e-05,builtin_interfaces.msg.Time(sec=3, nanosec=982000000),
0.3094356305206609,0.011345043776072164,-0.00015172894651399848,builtin_interfaces.msg.Time(sec=3, nanosec=987000000),
0.2876723579291155,0.004079189598504779,0.00034090384013488986,builtin_interfaces.msg.Time(sec=3, nanosec=992000000),
0.27258700554994736,-0.01891239797193148,-5.6201016190083765e-05,builtin_interfaces.msg.Time(sec=3, nanosec=997000000),
0.27453603284323663,0.0054981156015124965,-0.00015814252329181085,builtin_interfaces.msg.Time(sec=4, nanosec=2000000),
0.27462537087675737,-0.02040899122269607,3.1419391467935574e-05,builtin_interfaces.msg.Time(sec=4, nanosec=7000000),
0.27544992793887485,-0.004459760988017634,1.385387193989096e-05,builtin_interfaces.msg.Time(sec=4, nanosec=12000000),
0.2545918143004566,-0.00807012077187232,-0.0003123406596696715,builtin_interfaces.msg.Time(sec=4, nanosec=17000000),
0.28952526745952645,0.0031985713344664826,-0.0002871789986249705,builtin_interfaces.msg.Time(sec=4, nanosec=22000000),
0.29065525566911277,0.0006531407622636282,0.00027436264851926417,builtin_interfaces.msg.Time(sec=4, nanosec=27000000),
0.2449568903103661,0.010604003328609996,7.793829750137936e-05,builtin_interfaces.msg.Time(sec=4, nanosec=32000000),
0.28444573439679055,-0.013460542629538857,2.201081293480191e-05,builtin_interfaces.msg.Time(sec=4, nanosec=37000000),
0.2704081284706765,0.0015590327204552867,8.028047264128541e-05,builtin_interfaces.msg.Time(sec=4, nanosec=42000000),
0.326572693509356,0.024618556956571138,-5.740648648716403e-05,builtin_interfaces.msg.Time(sec=4, nanosec=47000000),
0.2786569612538984,0.02106920632028554,2.379056336221111e-05,builtin_interfaces.msg.Time(sec=4, nanosec=52000000),
0.2772301848863387,0.006831257015695788,-0.00018750402022154082,builtin_interfaces.msg.Time(sec=4, nanosec=57000000),
0.265303467250755,-0.0018748146065159102,0.00014625860485983596,builtin_interfaces.msg.Time(sec=4, nanosec=62000000),
0.3038137564891751,0.006074227818464922,5.197884788772147e-06,builtin_interfaces.msg.Time(sec=4, nanosec=67000000),
0.24054504107426392,0.012048477661668033,7.948465877089948e-05,builtin_interfaces.msg.Time(sec=4, nanosec=72000000),
0.27575965160386573,-0.009799949175937777,-0.0001003339380871815,builtin_interfaces.msg.Time(sec=4, nanosec=77000000),
0.2671169883791389,-0.012051105555115998,-5.515195624983871e-05,builtin_interfaces.msg.Time(sec=4, nanosec=82000000),
0.2968613906420776,0.003877207491677465,-6.254415934212352e-05,builtin_interfaces.msg.Time(sec=4, nanosec=87000000),
0.262513366986124,0.021427872710835905,3.5381781359964644e-05,builtin_interfaces.msg.Time(sec=4, nanosec=92000000),
0.3126321342801391,0.00655352135286223,0.00012762599919847691,builtin_interfaces.msg.Time(sec=4, nanosec=97000000),
0.2553571972651986,0.0235702896020018,0.00016623717264373697,builtin_interfaces.msg.Time(sec=4, nanosec=102000000),
0.28385287610726556,-0.006550111172477316,0.00012005892364798741,builtin_interfaces.msg.Time(sec=4, nanosec=107000000),
0.2949137738076139,0.00018735930676780962,-5.9011312784804454e-05,builtin_interfaces.msg.Time(sec=4, nanosec=112000000),
0.2513498144094366,-0.04376648234300334,1.4811484462673372e-05,builtin_interfaces.msg.Time(sec=4, nanosec=117000000),
0.2698455940311285,-0.005754636926346597,0.00015872579608632232,builtin_interfaces.msg.Time(sec=4, nanosec=122000000),
0.29391474092904135,0.023066920677029226,0.0002654572587055268,builtin_interfaces.msg.Time(sec=4, nanosec=127000000),
0.27678282012626,0.005399369974291928,2.6603307024372376e-05,builtin_interfaces.msg.Time(sec=4, nanosec=132000000),
0.269671704508869,0.00449142410271993,-4.858986540373647e-05,builtin_interfaces.msg.Time(sec=4, nanosec=137000000),
0.2753240765910202,0.003352579672169665,0.00020642019473638765,builtin_interfaces.msg.Time(sec=4, nanosec=142000000),
0.28672923757749613,0.011519836731588582,-0.00020765785922524706,builtin_interfaces.msg.Time(sec=4, nanosec=147000000),
0.2657213908730592,0.03472973990190622,-0.00017293389940280858,builtin_interfaces.msg.Time(sec=4, nanosec=152000000),
0.27269379874710814,-0.003245407194005198,-4.99296239692956e-07,builtin_interfaces.msg.Time(sec=4, nanosec=157000000),
0.2825932442354173,-0.008477593387454503,7.839830270550219e-05,builtin_interfaces.msg.Time(sec=4, nanosec=162000000),
0.28428725862809046,0.015405658388058708,6.48478499595962e-05,builtin_interfaces.msg.Time(sec=4, nanosec=167000000),
0.2874697111270112,-0.015860589841837493,-5.7240560224183186e-05,builtin_interfaces.msg.Time(sec=4, nanosec=172000000),
0.23054663936454362,-0.006372324043815442,0.00015164524692386607,builtin_interfaces.msg.Time(sec=4, nanosec=177000000),
0.2638190622455375,0.01272586456444083,2.1839828822475467e-05,builtin_interfaces.msg.Time(sec=4, nanosec=182000000),
0.26967086273072877,0.015309049233142467,3.959976168096136e-05,builtin_interfaces.msg.Time(sec=4, nanosec=187000000),
0.28580861022954457,-0.035651579017534955,0.000426052784998001,builtin_interfaces.msg.Time(sec=4, nanosec=192000000),
0.2504525124836009,0.008623157924780408,0.00019677406323880605,builtin_interfaces.msg.Time(sec=4, nanosec=197000000),
0.24787234254310692,0.010163109113763981,4.17823050294868e-05,builtin_interfaces.msg.Time(sec=4, nanosec=202000000),
0.26068617777769143,0.005981957663115267,0.00025669608710142844,builtin_interfaces.msg.Time(sec=4, nanosec=207000000),
0.28158794055202563,-0.009853554578967206,1.960275645886326e-06,builtin_interfaces.msg.Time(sec=4, nanosec=212000000),
0.23816149960311014,0.023098277352178977,0.00012992525395694038,builtin_interfaces.msg.Time(sec=4, nanosec=217000000),
0.26326023858604597,-0.004008701147541721,0.0003184497100558466,builtin_interfaces.msg.Time(sec=4, nanosec=222000000),
0.2696124273517186,0.01598801014176674,0.0001399240237899817,builtin_interfaces.msg.Time(sec=4, nanosec=227000000),
0.25665290559509335,-0.012972177100575931,0.00015321902306702768,builtin_interfaces.msg.Time(sec=4, nanosec=232000000),
0.2705581577439026,0.005949408444666559,-5.808447899992015e-05,builtin_interfaces.msg.Time(sec=4, nanosec=237000000),
0.26336034478971504,-0.017541430532938277,-0.00023985696973115235,builtin_interfaces.msg.Time(sec=4, nanosec=242000000),
0.24713361973588074,-6.594013607175695e-05,-9.514014960588524e-05,builtin_interfaces.msg.Time(sec=4, nanosec=247000000),
0.23410888128537358,-0.007147915271592484,-0.0001020223776744958,builtin_interfaces.msg.Time(sec=4, nanosec=252000000),
0.24831042731318742,0.04931772611506578,0.0003421644588141542,builtin_interfaces.msg.Time(sec=4, nanosec=257000000),
0.24931500916865382,0.0018991347129180209,5.409833913155255e-05,builtin_interfaces.msg.Time(sec=4, nanosec=262000000),
0.24100353441713843,0.0063540725430328,0.00020080098001929198,builtin_interfaces.msg.Time(sec=4, nanosec=267000000),
0.2512102932077098,-0.006313676476392961,6.486027259975118e-05,builtin_interfaces.msg.Time(sec=4, nanosec=272000000),
0.2653888935848611,-0.0004808712988037685,0.00036037804743785997,builtin_interfaces.msg.Time(sec=4, nanosec=277000000),
0.2238452232230715,0.0008174100818607252,-0.0001757972679474049,builtin_interfaces.msg.Time(sec=4, nanosec=282000000),
0.23690441533163706,-0.025959390860875873,7.749878855893883e-05,builtin_interfaces.msg.Time(sec=4, nanosec=287000000),
0.24014617452999007,-0.005595100664817643,0.00014871351906850337,builtin_interfaces.msg.Time(sec=4, nanosec=292000000),
0.26277978571084804,0.017130583878472053,0.00017542349732540071,builtin_interfaces.msg.Time(sec=4, nanosec=297000000),
0.24357277124654902,-0.028336066913045393,0.0002505072807490816,builtin_interfaces.msg.Time(sec=4, nanosec=302000000),
0.23483465900569617,-0.04020597876515352,0.00010004351416363896,builtin_interfaces.msg.Time(sec=4, nanosec=307000000),
0.256991797682013,0.005652384786561941,0.000454097249175994,builtin_interfaces.msg.Time(sec=4, nanosec=312000000),
0.23573849156015508,-0.014251909769150735,3.2591982294170456e-05,builtin_interfaces.msg.Time(sec=4, nanosec=317000000),
0.2701183243033112,0.021025166725640285,0.00017433351115679778,builtin_interfaces.msg.Time(sec=4, nanosec=322000000),
0.26806475677848574,-0.01656769958641742,0.00015221595036286152,builtin_interfaces.msg.Time(sec=4, nanosec=327000000),
0.25702245378995486,0.009786934458757533,0.0005401803723163621,builtin_interfaces.msg.Time(sec=4, nanosec=332000000),
0.2635684861456813,-0.0011394150078331807,0.000513381427688123,builtin_interfaces.msg.Time(sec=4, nanosec=337000000),
0.21905019412618437,-0.024584234909217257,-0.00031255958180015055,builtin_interfaces.msg.Time(sec=4, nanosec=342000000),
0.22912147269441613,-0.01761196989600192,0.0002725588250185113,builtin_interfaces.msg.Time(sec=4, nanosec=347000000),
0.2720234497617833,0.011840673655741575,0.00012358200502245566,builtin_interfaces.msg.Time(sec=4, nanosec=352000000),
0.21949546015162053,-0.041747690712013175,-4.2151003360450376e-05,builtin_interfaces.msg.Time(sec=4, nanosec=357000000),
0.2318753306504655,0.009839694810922745,0.00028046956009227203,builtin_interfaces.msg.Time(sec=4, nanosec=362000000),
0.23325572174027084,0.010995628763172744,-1.371082997648049e-05,builtin_interfaces.msg.Time(sec=4, nanosec=367000000),
0.25990357340949166,-0.0014512865545750174,0.00016688881267162397,builtin_interfaces.msg.Time(sec=4, nanosec=372000000),
0.22662239525592676,-0.03226605897962344,-3.9387789937521266e-05,builtin_interfaces.msg.Time(sec=4, nanosec=377000000),
0.20850248728321666,0.015008910884389597,0.0003218145056828073,builtin_interfaces.msg.Time(sec=4, nanosec=382000000),
0.22553576175252935,0.031978425358661,0.00010138159261557133,builtin_interfaces.msg.Time(sec=4, nanosec=387000000),
0.24759082172365685,0.01543170493576446,-7.372493123671207e-05,builtin_interfaces.msg.Time(sec=4, nanosec=392000000),
0.2365082470865828,0.006004332968686951,-0.0003041307525531846,builtin_interfaces.msg.Time(sec=4, nanosec=397000000),
0.22036464738094272,0.007017704411566495,-5.881505026178129e-05,builtin_interfaces.msg.Time(sec=4, nanosec=402000000),
0.2147764410510413,-0.008226548376250753,-0.00025750486828346984,builtin_interfaces.msg.Time(sec=4, nanosec=407000000),
0.21321532179485594,-0.02667841045162983,0.00012229533373447101,builtin_interfaces.msg.Time(sec=4, nanosec=412000000),
0.2401897802574588,-0.012331684897158926,5.5990078428754835e-05,builtin_interfaces.msg.Time(sec=4, nanosec=417000000),
0.2125118080812533,0.000805844530249194,-0.00020089815462156617,builtin_interfaces.msg.Time(sec=4, nanosec=422000000),
0.24782537098369034,-0.028537358282198246,0.00041729316064320084,builtin_interfaces.msg.Time(sec=4, nanosec=427000000),
0.21522961945709188,0.002654929052023594,-1.358277071307022e-06,builtin_interfaces.msg.Time(sec=4, nanosec=432000000),
0.24325642956532995,0.011459934945494202,-7.865071644341725e-05,builtin_interfaces.msg.Time(sec=4, nanosec=437000000),
0.18527030470460393,0.010829398510069888,-5.532754571786405e-05,builtin_interfaces.msg.Time(sec=4, nanosec=442000000),
0.22221155557514463,0.0012548974796499476,8.387798466941225e-05,builtin_interfaces.msg.Time(sec=4, nanosec=447000000),
0.22378074174908502,-0.005097204677588612,0.00017540396928025597,builtin_interfaces.msg.Time(sec=4, nanosec=452000000),
0.19184982239363257,0.01851540920461255,4.43507994701891e-05,builtin_interfaces.msg.Time(sec=4, nanosec=457000000),
0.23841270828245004,-0.014598917402888925,-0.0001100785155838976,builtin_interfaces.msg.Time(sec=4, nanosec=462000000),
0.2045108986401434,0.001687272324740001,-7.820226513172797e-05,builtin_interfaces.msg.Time(sec=4, nanosec=467000000),
0.22227062142303333,-0.011788400375124491,-0.0001885573515580478,builtin_interfaces.msg.Time(sec=4, nanosec=472000000),
0.22498627660022455,-0.0037090269598621006,-3.556561505942165e-05,builtin_interfaces.msg.Time(sec=4, nanosec=477000000),
0.2203765230198108,0.021248534150184635,0.00015182909780627482,builtin_interfaces.msg.Time(sec=4, nanosec=482000000),
0.19685142185121648,-0.025585032308853988,-0.0003276127382948508,builtin_interfaces.msg.Time(sec=4, nanosec=487000000),
0.2072521954424599,-0.0071499780123304565,-0.00034808405808055677,builtin_interfaces.msg.Time(sec=4, nanosec=492000000),
0.22263903236713373,0.011827523180438263,-3.244360290797733e-05,builtin_interfaces.msg.Time(sec=4, nanosec=497000000),
0.18595836299161228,0.0030523170714336525,-6.627378265951995e-05,builtin_interfaces.msg.Time(sec=4, nanosec=502000000),
0.20279792380834552,0.0022204923939920748,-5.693522118198397e-05,builtin_interfaces.msg.Time(sec=4, nanosec=507000000),
0.19217203031022886,-0.014336318718743694,4.0573142762844894e-05,builtin_interfaces.msg.Time(sec=4, nanosec=512000000),
0.23325115048748704,0.01142071214416725,-0.00033552195196792715,builtin_interfaces.msg.Time(sec=4, nanosec=517000000),
0.2303394624655619,0.017689514992365173,-4.988299719727071e-05,builtin_interfaces.msg.Time(sec=4, nanosec=522000000),
0.2206950136936961,0.0031422889761441456,-0.00017349442613850746,builtin_interfaces.msg.Time(sec=4, nanosec=527000000),
0.19935541774537954,0.008243257983477803,8.048775182714196e-05,builtin_interfaces.msg.Time(sec=4, nanosec=532000000),
0.19268257959649937,0.04408209356041307,0.00041755980745070934,builtin_interfaces.msg.Time(sec=4, nanosec=537000000),
0.20463451002975117,0.023711962961809278,0.00032534485602634056,builtin_interfaces.msg.Time(sec=4, nanosec=542000000),
0.17744438253875167,0.004106622519049092,-0.00037885550724029864,builtin_interfaces.msg.Time(sec=4, nanosec=547000000),
0.18369378321501326,-0.0010788540967556065,-9.901067394111501e-05,builtin_interfaces.msg.Time(sec=4, nanosec=552000000),
0.1944305387836393,-0.01454434622559533,0.0003278567818289788,builtin_interfaces.msg.Time(sec=4, nanosec=557000000),
0.19818659045061685,0.0026647218085776303,-7.743662523682356e-05,builtin_interfaces.msg.Time(sec=4, nanosec=562000000),
0.1772338971378822,-0.000517278137078986,-0.00023029756711470827,builtin_interfaces.msg.Time(sec=4, nanosec=567000000),
0.1939566555293766,-0.0038319381807630716,0.0003476472997130912,builtin_interfaces.msg.Time(sec=4, nanosec=572000000),
0.201055189643425,-0.026333630348077345,4.212408814951661e-05,builtin_interfaces.msg.Time(sec=4, nanosec=577000000),
0.19554053130844054,-0.002019637766079009,-0.00015533589222213725,builtin_interfaces.msg.Time(sec=4, nanosec=582000000),
0.20136140781605708,0.018840504843863296,-0.0001363359153358624,builtin_interfaces.msg.Time(sec=4, nanosec=587000000),
0.19417067129682125,0.0011693467114838008,-0.0001423859757770181,builtin_interfaces.msg.Time(sec=4, nanosec=592000000),
0.1730687175962291,-0.030377250333713253,-0.000547141399983025,builtin_interfaces.msg.Time(sec=4, nanosec=597000000),
0.18224860079230093,-0.015378546395935423,0.00012433299997027304,builtin_interfaces.msg.Time(sec=4, nanosec=602000000),
0.1756713672070355,-0.01703881411195785,0.00014688092438250043,builtin_interfaces.msg.Time(sec=4, nanosec=607000000),
0.17646090362269018,0.004328225960342109,-7.72506598893949e-05,builtin_interfaces.msg.Time(sec=4, nanosec=612000000),
0.19091567895597408,-0.01513489899084528,0.00032021207168958944,builtin_interfaces.msg.Time(sec=4, nanosec=617000000),
0.16701202608005722,0.01870471965752133,-8.198796364622507e-05,builtin_interfaces.msg.Time(sec=4, nanosec=622000000),
0.12329058960593524,-0.009009282056594216,6.36458237438095e-05,builtin_interfaces.msg.Time(sec=4, nanosec=627000000),
0.16681180006419413,0.00012915264651225443,-0.00023204291055040603,builtin_interfaces.msg.Time(sec=4, nanosec=632000000),
0.1611662147906445,-0.002974991619869083,3.326124193057493e-05,builtin_interfaces.msg.Time(sec=4, nanosec=637000000),
0.19255060614250846,0.0015358387129681347,-0.00022613422333835043,builtin_interfaces.msg.Time(sec=4, nanosec=642000000),
0.15652559099614227,-0.011173014754284654,-0.0005645481072025888,builtin_interfaces.msg.Time(sec=4, nanosec=647000000),
0.1680849319260462,0.0020318260003831874,-0.00014382614876509432,builtin_interfaces.msg.Time(sec=4, nanosec=652000000),
0.18362109844379257,-0.00042422376930425197,-0.00014116976287914914,builtin_interfaces.msg.Time(sec=4, nanosec=657000000),
0.16649008624771724,0.006672203951262126,-0.0003608665110407717,builtin_interfaces.msg.Time(sec=4, nanosec=662000000),
0.17894546712909087,0.011302564831805783,-0.00010360892036317898,builtin_interfaces.msg.Time(sec=4, nanosec=667000000),
0.15124753117131182,0.005194815810982583,-8.699689852405513e-05,builtin_interfaces.msg.Time(sec=4, nanosec=672000000),
0.1824770218219509,-0.006261676587513606,-6.483512814269799e-05,builtin_interfaces.msg.Time(sec=4, nanosec=677000000),
0.14020127942620064,-0.008319651314062539,-4.8617619044011065e-05,builtin_interfaces.msg.Time(sec=4, nanosec=682000000),
0.15627320538258457,-0.005505685777767065,-8.100914734409909e-05,builtin_interfaces.msg.Time(sec=4, nanosec=687000000),
0.13431892205361956,-0.008382887797122344,-0.00014640615222657213,builtin_interfaces.msg.Time(sec=4, nanosec=692000000),
0.14392368882875173,-0.018746982409200325,6.254904398855715e-05,builtin_interfaces.msg.Time(sec=4, nanosec=697000000),
0.16123045115016849,0.0037377436128261665,1.5038983917617353e-05,builtin_interfaces.msg.Time(sec=4, nanosec=702000000),
0.12697762234306886,0.019662341504761996,-0.0004893411820901842,builtin_interfaces.msg.Time(sec=4, nanosec=707000000),
0.15187029589070006,-0.016140766316331965,0.00018567098024477972,builtin_interfaces.msg.Time(sec=4, nanosec=712000000),
0.1414547281179717,0.027457016007146024,0.0001759988795229725,builtin_interfaces.msg.Time(sec=4, nanosec=717000000),
0.15161911759276556,0.00224992861381434,9.697334507806398e-05,builtin_interfaces.msg.Time(sec=4, nanosec=722000000),
0.14236133364891818,-0.014164013491117466,3.2301394469166575e-05,builtin_interfaces.msg.Time(sec=4, nanosec=727000000),
0.1067415389960274,-0.0025957707538832807,-0.00025699772446264837,builtin_interfaces.msg.Time(sec=4, nanosec=732000000),
0.11048928627182003,-0.027695637114917945,0.00034750107860394714,builtin_interfaces.msg.Time(sec=4, nanosec=737000000),
0.1226844715014089,-0.013582184082849206,0.00036729476579412364,builtin_interfaces.msg.Time(sec=4, nanosec=742000000),
0.1348768740723329,0.025493250954043215,5.9562072151821827e-05,builtin_interfaces.msg.Time(sec=4, nanosec=747000000),
0.1400435676043182,0.0038782196458527884,3.08796173594088e-05,builtin_interfaces.msg.Time(sec=4, nanosec=752000000),
0.11849029549784479,0.010178568472093079,-0.00022326205665459142,builtin_interfaces.msg.Time(sec=4, nanosec=757000000),
0.11034643483486668,0.021783692897265977,9.803675032731051e-06,builtin_interfaces.msg.Time(sec=4, nanosec=762000000),
0.10756731535882828,0.016381173542732066,-0.00031721599605817293,builtin_interfaces.msg.Time(sec=4, nanosec=767000000),
0.11715013500753228,0.011582210995805612,-0.00039112531784338885,builtin_interfaces.msg.Time(sec=4, nanosec=772000000),
0.13227077891627226,-0.010513563070533073,1.8012662434846888e-06,builtin_interfaces.msg.Time(sec=4, nanosec=777000000),
0.12159407937809798,-0.016620948842204785,-0.00022219654721383067,builtin_interfaces.msg.Time(sec=4, nanosec=782000000),
0.1032570121416139,-0.006531939245416953,0.00031638567460599436,builtin_interfaces.msg.Time(sec=4, nanosec=787000000),
0.11450636588697014,0.004380524787480184,-7.897604704255469e-05,builtin_interfaces.msg.Time(sec=4, nanosec=792000000),
0.08710829774446135,0.004966560072700364,5.451365424761833e-05,builtin_interfaces.msg.Time(sec=4, nanosec=797000000),
0.09566653414469514,-0.011444726481894263,0.00020003999317606873,builtin_interfaces.msg.Time(sec=4, nanosec=802000000),
0.11700964362623857,0.0017402079419005206,9.766719681412455e-05,builtin_interfaces.msg.Time(sec=4, nanosec=807000000),
0.11252444715298873,0.007185702294441756,-0.00032047050947552383,builtin_interfaces.msg.Time(sec=4, nanosec=812000000),
0.11566207920932595,-0.012002382578943144,0.0002788400533833142,builtin_interfaces.msg.Time(sec=4, nanosec=817000000),
0.09267286613911331,-0.01685032746062099,-5.8261955664055686e-05,builtin_interfaces.msg.Time(sec=4, nanosec=822000000),
0.10241637813815337,-0.025321977275902546,1.5453878630909148e-05,builtin_interfaces.msg.Time(sec=4, nanosec=827000000),
0.07590640232703545,-0.006326680796906339,7.741621384053913e-05,builtin_interfaces.msg.Time(sec=4, nanosec=832000000),
0.1250374919033161,0.004654210092342194,0.00023436362225964398,builtin_interfaces.msg.Time(sec=4, nanosec=837000000),
0.09078306796040522,0.030180242116487753,-8.372806419914259e-05,builtin_interfaces.msg.Time(sec=4, nanosec=842000000),
0.07430745198785259,0.023269336713198165,-3.0467228885264042e-05,builtin_interfaces.msg.Time(sec=4, nanosec=847000000),
0.10441197117740814,0.01255468525587888,-0.0001452001054714136,builtin_interfaces.msg.Time(sec=4, nanosec=852000000),
0.08471608677506591,-0.0013800635964360342,-0.00014932661304709478,builtin_interfaces.msg.Time(sec=4, nanosec=857000000),
0.054420279325198107,0.02807396577690604,-0.00022589062002792892,builtin_interfaces.msg.Time(sec=4, nanosec=862000000),
0.09924344758472535,-0.019752497526440323,0.00015389439836599765,builtin_interfaces.msg.Time(sec=4, nanosec=867000000),
0.08170332499919403,-0.013710368114565696,-0.00017704500022664793,builtin_interfaces.msg.Time(sec=4, nanosec=872000000),
0.06901115548017839,-0.0176279141649028,-0.0005189233087077025,builtin_interfaces.msg.Time(sec=4, nanosec=877000000),
0.10339310541282228,-0.026469122779152764,-0.00023203431464001914,builtin_interfaces.msg.Time(sec=4, nanosec=882000000),
0.09610026257988552,-0.011502760419628994,-0.00037145595545630676,builtin_interfaces.msg.Time(sec=4, nanosec=887000000),
0.09629171412227372,-0.010428729569025538,0.00020461862562492356,builtin_interfaces.msg.Time(sec=4, nanosec=892000000),
0.06789489695346655,-0.005903441472516348,0.00016277433153887857,builtin_interfaces.msg.Time(sec=4, nanosec=897000000),
0.08772099008567205,0.026391581578822314,3.2221639933219e-05,builtin_interfaces.msg.Time(sec=4, nanosec=902000000),
0.07454659521792295,-0.028176294956149813,-5.5535885942376e-05,builtin_interfaces.msg.Time(sec=4, nanosec=907000000),
0.04345902913340751,0.010211115332690894,9.19488996382259e-05,builtin_interfaces.msg.Time(sec=4, nanosec=912000000),
0.09386920377312688,-0.006479518083582557,1.8396552788022105e-05,builtin_interfaces.msg.Time(sec=4, nanosec=917000000),
0.05048599865958839,-0.004999659458865483,-0.00027673775366466886,builtin_interfaces.msg.Time(sec=4, nanosec=922000000),
0.08200687071944988,0.005719132563605576,-5.056851443275401e-05,builtin_interfaces.msg.Time(sec=4, nanosec=927000000),
0.08318109786861053,-0.009262120062737056,-0.00012731336479839423,builtin_interfaces.msg.Time(sec=4, nanosec=932000000),
0.0550368476916471,-0.02776852486547402,-0.00017215020395306414,builtin_interfaces.msg.Time(sec=4, nanosec=937000000),
0.07241468834671616,-0.024112718930801393,3.4802125415198805e-05,builtin_interfaces.msg.Time(sec=4, nanosec=942000000),
0.05532311620957772,0.00015531414519106006,-0.00046537425855446436,builtin_interfaces.msg.Time(sec=4, nanosec=947000000),
0.06554179959523829,0.008357872657513796,0.0004070482702110598,builtin_interfaces.msg.Time(sec=4, nanosec=952000000),
0.07530694697370119,0.01154681833080321,1.8504584138291002e-05,builtin_interfaces.msg.Time(sec=4, nanosec=957000000),
0.06629191213712524,-0.007707105058184903,4.0250118435574305e-05,builtin_interfaces.msg.Time(sec=4, nanosec=962000000),
0.04565487765161326,-0.002886307318893068,-0.0003331052953426153,builtin_interfaces.msg.Time(sec=4, nanosec=967000000),
0.03280976103687343,-0.005807234914466903,-0.00024772392081328596,builtin_interfaces.msg.Time(sec=4, nanosec=972000000),
0.05442093225510077,-0.0033562383903542477,-0.0001244361359942318,builtin_interfaces.msg.Time(sec=4, nanosec=977000000),
0.04081153482445538,-0.00454554959635257,4.170745736029137e-05,builtin_interfaces.msg.Time(sec=4, nanosec=982000000),
0.05072087037456513,0.018697782209121255,-0.0002952583430477842,builtin_interfaces.msg.Time(sec=4, nanosec=987000000),
0.020785791056587597,-0.013910273318587648,-2.837138075208323e-05,builtin_interfaces.msg.Time(sec=4, nanosec=992000000),
0.02827817468165282,0.016769339438167104,-0.0001990148244070532,builtin_interfaces.msg.Time(sec=4, nanosec=997000000),
0.05723723737428773,-0.01827989871297698,4.236681887931146e-05,builtin_interfaces.msg.Time(sec=5, nanosec=2000000),
0.02286748551970314,0.006945484710371468,-0.00034322080684969663,builtin_interfaces.msg.Time(sec=5, nanosec=7000000),
0.04216117633380544,0.023787421661539354,0.0001779828962868826,builtin_interfaces.msg.Time(sec=5, nanosec=12000000),
0.00831164254247102,-0.0044277956894436315,0.00010645112202290272,builtin_interfaces.msg.Time(sec=5, nanosec=17000000),
0.03205354113660433,0.018192287421942035,-0.00015623458863869995,builtin_interfaces.msg.Time(sec=5, nanosec=22000000),
0.026254603985375137,0.009795927983419623,4.447949128146008e-05,builtin_interfaces.msg.Time(sec=5, nanosec=27000000),
0.06571244083972526,0.014888139288869093,-0.0002490522358752564,builtin_interfaces.msg.Time(sec=5, nanosec=32000000),
0.03630036808877944,-0.021122644081141936,-0.00010479181721334701,builtin_interfaces.msg.Time(sec=5, nanosec=37000000),
0.016544813749398257,-0.020598182765349807,0.0003504124713642566,builtin_interfaces.msg.Time(sec=5, nanosec=42000000),
0.02303996557286744,-0.02623430545290979,0.00021195999706774625,builtin_interfaces.msg.Time(sec=5, nanosec=47000000),
0.007091087777568741,-0.011765775858210994,0.00031150735336984113,builtin_interfaces.msg.Time(sec=5, nanosec=52000000),
0.02246447673030549,-0.00035784066854300275,0.00016394175660775957,builtin_interfaces.msg.Time(sec=5, nanosec=57000000),
0.015817553676229095,-0.012961498719003758,-0.0005256733520421097,builtin_interfaces.msg.Time(sec=5, nanosec=62000000),
0.0016013448212441987,0.014876981105639906,8.432406398237248e-06,builtin_interfaces.msg.Time(sec=5, nanosec=67000000),
0.0039016907174707583,0.02363086046837557,1.244135348570187e-06,builtin_interfaces.msg.Time(sec=5, nanosec=72000000),
-0.024921807196100612,-0.002986329342115333,3.6866889724020325e-05,builtin_interfaces.msg.Time(sec=5, nanosec=77000000),
0.013617768096521378,0.020775530100101212,-0.00012191558997041563,builtin_interfaces.msg.Time(sec=5, nanosec=82000000),
-0.012170712329945658,-0.0007068874083363617,0.00038672907536426126,builtin_interfaces.msg.Time(sec=5, nanosec=87000000),
0.019623944508353253,0.007505871183611335,0.00011563465881743645,builtin_interfaces.msg.Time(sec=5, nanosec=92000000),
0.021793742821772107,0.03673244981720211,-0.00020715189710734556,builtin_interfaces.msg.Time(sec=5, nanosec=97000000),
-0.004430419194761039,0.03432614416546736,0.0004326669180528692,builtin_interfaces.msg.Time(sec=5, nanosec=102000000),
-0.003724735505611497,0.007999242544410064,-9.749401159373143e-05,builtin_interfaces.msg.Time(sec=5, nanosec=107000000),
-0.021463916138625472,-0.008684096255365406,1.274870505943185e-06,builtin_interfaces.msg.Time(sec=5, nanosec=112000000),
-0.03795527621438337,0.0065420889998092716,-0.0002668426171964152,builtin_interfaces.msg.Time(sec=5, nanosec=117000000),
-0.01891057377020494,-0.02391804893486392,-2.793881110419479e-05,builtin_interfaces.msg.Time(sec=5, nanosec=122000000),
0.0061268440930142345,-0.00922220451381703,7.310384417168959e-05,builtin_interfaces.msg.Time(sec=5, nanosec=127000000),
-0.03222414403192249,-0.002917949910923809,5.637799981149608e-05,builtin_interfaces.msg.Time(sec=5, nanosec=132000000),
-0.013034157802250996,0.012513220578787496,0.00046117752968338906,builtin_interfaces.msg.Time(sec=5, nanosec=137000000),
0.01288554041894847,0.002814745610560927,-4.4464064231947696e-05,builtin_interfaces.msg.Time(sec=5, nanosec=142000000),
-0.04944628150583677,-0.014489103636224812,3.872135049435506e-05,builtin_interfaces.msg.Time(sec=5, nanosec=147000000),
-0.0362703308474462,0.00716408316990142,0.0002897205035500332,builtin_interfaces.msg.Time(sec=5, nanosec=152000000),
-0.022171826474477237,-0.006259926253790226,0.00021276402802334184,builtin_interfaces.msg.Time(sec=5, nanosec=157000000),
-0.03190844106295917,0.004227788540926531,-0.0001054211784465706,builtin_interfaces.msg.Time(sec=5, nanosec=162000000),
-0.005093436924973223,0.0179305033502158,-9.708355779217529e-05,builtin_interfaces.msg.Time(sec=5, nanosec=167000000),
-0.04099461225608599,0.00034538845961259193,0.0002350825436871624,builtin_interfaces.msg.Time(sec=5, nanosec=172000000),
