sec, nanosec, acc_x, acc_y, angular_z
4,186000000,-0.0722373871108235,-0.021126931965210323,0.000153499163124773
4,191000000,-0.08972479248110377,0.005767988056517881,-0.0003186182520887056
4,196000000,-0.07887406251810043,-0.03931209933627171,0.0002678154573175465
4,201000000,-0.04822028208082245,-0.0031602022407069916,-0.0004567946645713105
4,206000000,-0.0770657263369062,-0.013264776554980975,0.0001952874150432132
4,211000000,-0.04448421004463996,-0.004371763291109779,-0.0001225485287216321
4,216000000,-0.06940759371884375,0.017241461592844263,-0.0003765088326895897
4,221000000,-0.07063212403861618,-0.004759678108353097,-5.495770131603306e-0
4,226000000,-0.04318603913957968,0.0029921680710083493,-0.0002132120036161287
4,231000000,-0.058970410918907534,0.0221818227029784,0.000241940473322665
4,236000000,-0.04826519931810059,0.0019133785861951372,0.000179058994473329
4,241000000,-0.04424116858679279,-0.009844582578799681,-0.0001644589987641175
4,246000000,-0.058564076108258145,0.002102064051894842,2.623932681935775e-0
4,251000000,-0.09157589215204152,0.0033819755476095356,-0.0001619081365179378
4,256000000,-0.05438841274507283,0.030668980471677716,-0.000401953800157286
4,261000000,-0.05385123220203357,0.0033279514705382156,-0.000365936133905492
4,266000000,-0.03975799938906102,0.007377047312696738,9.191010792073351e-0
4,271000000,-0.05657224005393353,-0.005715182367101795,0.000505729902638415
4,276000000,-0.05459534070830221,-0.022136614118928186,4.905845436314929e-0
4,281000000,-0.04777835519946494,-0.02886899773375453,0.000158099945314119
4,286000000,5.644444475680053,-0.036355975702332816,-1.3691329810597223e-0
4,291000000,1.195889740001153,0.017904773863897196,0.000171741579905993
4,296000000,-0.28062522826586483,0.0017020769991506778,0.0004626150786579821
4,301000000,0.026707335661671654,-0.018060416039895204,9.803433465800227e-0
4,306000000,-0.18075212354559972,-0.01770282505950716,2.179832495245665e-0
4,311000000,0.02057913031218633,-0.009955428563029764,4.6169779390932325e-0
4,316000000,-0.0333197411458407,-0.00038726451647219835,0.0004117911911948422
4,321000000,6.6412611986150045,0.005954938535141895,8.787180381660635e-0
4,326000000,0.14762375251953702,0.013679536538692298,-0.000208480077138804
4,331000000,-0.2401245369076858,-0.008039044949589272,0.0001438967823153999
4,336000000,-0.07701462891288775,-0.007985987271603018,-0.0001061628249977374
4,341000000,0.008105488085440322,-0.015357509865924376,5.207638706170102e-0
4,346000000,-0.15019673559367502,-0.021783287914733992,0.000258556691283059
4,351000000,0.03739570179388549,-0.015322939898203086,0.0001191436466228064
4,356000000,6.85139305692987,0.029858789758874845,-2.527601625094037e-0
4,361000000,-0.17679203293434093,0.028728048601295346,0.0002921860120149233
4,366000000,-0.031072425229139874,0.02231108825293076,2.9825464739385552e-0
4,371000000,-0.16794013966085675,0.0005776515502117851,-0.000308499619550699
4,376000000,-0.06570679010177276,-0.02598442395092875,0.000150762994661063
4,381000000,-0.07836852119141337,-0.02119722234886392,8.375219791911792e-0
4,386000000,-0.0905677050140706,0.030414188305710636,0.000157630795202079
4,391000000,6.926553237725385,-0.016310473366999118,0.0002119813306961953
4,396000000,-0.16576835843514023,-0.019658282330268142,0.0001107695591560284
4,401000000,-0.11695955341845574,-0.0076562984772450444,0.0001676939015649618
4,406000000,-0.07394911579431296,-0.023886211939054734,-7.316997943314226e-0
4,411000000,-0.047640355474195754,0.024303784172478197,-5.348257053783043e-0
4,416000000,-0.05591774509671185,0.02060224170093961,0.000373350718149780
4,421000000,-0.03881424151984912,-0.00436371845993731,0.0001331541308980249
4,426000000,6.901182820718183,-0.01524278240901616,-0.0002768235794810884
4,431000000,-0.14669336391561927,-0.004588965029872272,-4.120602612879074e-0
4,436000000,-0.08204475234498625,0.005207755109320018,-0.000114881006265360
4,441000000,-0.06302756533005736,-0.0225492580227855,-4.532164580316454e-0
4,446000000,-0.0767045151073904,0.014428032694179629,0.0004367996432184029
4,451000000,-0.0602317609523313,0.02944352741398096,-3.2575305494801675e-0
4,456000000,5.609907132862099,-0.006478950349600419,9.202774945208609e-0
4,461000000,1.5343945341788736,-0.0026428308786243943,1.137345346079234e-0
4,466000000,-0.17037967472818308,0.02256270384554487,-6.434740412822325e-0
4,471000000,-0.043247263385409546,0.005214491264190907,-8.114938214855918e-0
4,476000000,-0.0729398128414328,-0.027354771273075413,-0.00013870026633261
4,481000000,-0.032435337406675396,0.02810125486197678,-0.0001785560005091954
4,486000000,-0.03966178453567912,0.028622235932543538,0.0001929694738819436
4,491000000,4.796526575260757,0.020522787518892877,-9.996377931254897e-0
4,496000000,0.05425515819938316,-0.014791340686517508,-0.00039061305333094
4,501000000,-0.11168363946946273,0.009359173508785578,0.0001204692927601390
4,506000000,-0.057758660910045105,-0.015011323381298108,-0.0003630100830117715
4,511000000,-0.05003481407735397,-0.004405824312624973,-0.0001239288596261682
4,516000000,-0.0408155272660121,-0.002487468690855087,-0.0001865710941271613
4,521000000,-0.03753821663269228,0.004715885746610909,0.000138505834088220
4,526000000,2.438831317249249,0.024578862902177062,0.0001493810314836126
4,531000000,-0.0808676812407963,0.04124052749184099,-0.0004469315758670344
4,536000000,-0.04311115051313914,-0.006561693791532979,0.0001336132229032032
4,541000000,-0.04565619038101534,-0.010774797931596457,0.000208336264060964
4,546000000,-0.06388814931126235,-0.0017767923748937358,0.0001097535936270540
4,551000000,-0.018148654168406234,-0.037695948767453184,-9.277154890079267e-0
4,556000000,-0.06114771363238067,0.014066518897730187,1.3470376587460304e-0
4,561000000,-0.04097451642272325,0.019108579839701063,0.0002158726001440904
4,566000000,0.002688747239778376,-0.0073627184089481755,0.0002316173636640149
4,571000000,-0.03541647514099623,-0.01845617489627961,-6.6025936133776e-0
4,576000000,-0.02641341580965341,-0.00029544024548638296,-0.0001021598216782263
4,581000000,-0.032821077822499184,-0.024126879974340085,-0.0001039836334586672
4,586000000,-0.009798023534029011,0.02832440427468717,0.0001119911515456187
4,591000000,-0.03166744099312099,-0.003191165666829809,-0.000307028812725475
4,596000000,-0.034453553673048365,0.005268886524536303,4.076350248962983e-0
4,601000000,-0.051232280659164756,0.010899211442928098,0.0002041123756237985
4,606000000,-0.029439215153270585,-0.0034776023346977636,-7.898075805403567e-0
4,611000000,-0.02811818432451675,-0.01512955837951464,0.0002238756254485711
4,616000000,-0.015741285025763663,-0.015309960664225594,0.0001870355465100495
4,621000000,-0.03380364750310742,0.005356088028784166,-0.0002950384983765674
4,626000000,-0.022987222827817382,-0.009034113175371453,-0.000335307541481060
4,631000000,-0.00847107082322231,0.002059257518948664,2.5314562059451822e-0
4,636000000,0.014574955626385104,0.020029885806314266,2.0508610714754986e-0
4,641000000,-0.018306560820541384,-0.0066071622557238256,-0.0001151417769113571
4,646000000,-0.0037323468733568687,0.012233171436286624,0.0001239743574872362
4,651000000,-0.009111628064009098,0.01121452364299231,-0.0004665801970634341
4,656000000,0.01615403073503523,-0.0005346217264440511,-9.838756900211874e-0
4,661000000,0.018112721231245445,-0.0006226440669312743,1.335675744532499e-0
4,666000000,-0.007904592282863936,0.008610932120182517,0.0002064080961737712
4,671000000,-0.001445472251776627,-0.001312540617979745,-7.538848832251412e-0
4,676000000,-0.00940716982829573,-0.0067890569237685945,-2.5251207997230154e-0
4,681000000,-0.028615081559862525,-0.004627456997295516,-0.0002118659909712752
4,686000000,-0.003910456147676308,-0.006300790396941239,0.0002601219771277790
4,691000000,-0.017620850828785232,-0.00970613724567946,0.0002516388269632559
4,696000000,-0.012992313855935963,0.03571142787140416,0.0002594870041922623
4,701000000,-0.012818256692208372,0.020245398235376497,-0.0002169847233026234
4,706000000,-0.03740159626125412,-0.004603829478020694,-0.0001424495983165687
4,711000000,-0.02566328553417875,0.011862350636069574,0.0001517861331580458
4,716000000,-0.019314338649375304,0.006665025217867604,4.5262102824327606e-0
4,721000000,0.03875970220441065,0.017379466091358743,-4.106070348377063e-0
4,726000000,-0.022769231721436318,0.03596220418362274,4.512799071710343e-0
4,731000000,-0.005477640764003518,0.01383409108670626,-9.93839270831892e-0
4,736000000,-0.0157047806932665,0.001944523889495962,-0.0001211491516137583
4,741000000,-0.018932195644915197,0.035845294236169126,0.0001179700021023777
4,746000000,-0.02870081652032444,0.022789189570796193,-9.5634380801564e-0
4,751000000,0.012696000458307943,-0.015112013117145266,-5.112146006359004e-0
4,756000000,0.014171229210598841,0.011821176909073541,-6.917641730581132e-0
4,761000000,-0.01345859989870227,0.005479979365462713,0.0001374073742367657
4,766000000,-0.03580617043702763,0.012381373199484933,-0.0003363129917284
4,771000000,0.005942763613228797,0.01479175944770503,0.000382979151936537
4,776000000,-0.003180498777969372,0.04565405906074476,-0.000161242328342606
4,781000000,0.03589226257195177,-0.0154155312491634,-3.8819557855875225e-0
4,786000000,0.0012480074495712376,0.023208716961132924,0.0004325702946652874
4,791000000,-0.015415121517120734,-0.009795076950155563,5.61764677700148e-0
4,796000000,0.018744296691753006,-0.008414381314326633,7.313270571833409e-0
4,801000000,-0.01005042056226196,9.031839711644112e-05,-8.344100704426409e-0
4,806000000,0.027287171329324716,0.01109419234056518,0.000378613132001865
4,811000000,0.001267490444688709,-0.02988130819748013,0.000259969701157429
4,816000000,0.003903749191705508,0.00922076373905712,2.126443214143661e-0
4,821000000,0.004733072747375231,-0.004602944025620011,0.000404723321215285
4,826000000,0.006146095015246458,0.02323791608423518,-0.000228149940297437
4,831000000,-0.0017317693880634154,0.03126074549274672,-0.0002907716716448592
4,836000000,-0.0009015651342928796,-0.039953290166734184,7.916225172843786e-0
4,841000000,-0.009134537861371179,0.02694703331874645,-0.0002460205692616738
4,846000000,-0.023394600933728193,-0.02485459895982678,-9.563911998288438e-0
4,851000000,0.01332599088733909,-0.0018073780028823763,-7.257743447568341e-0
4,856000000,-0.026868188916626762,0.01987455692420848,-0.000260930515756329
4,861000000,-0.006866836375246519,-0.01746658154622946,0.000393614225290552
4,866000000,0.030916481588914347,-0.01122036822416829,-7.394124731393656e-0
4,871000000,-0.022102746899018744,-0.01621003102461985,-4.842059600196355e-0
4,876000000,0.030067573127048986,-0.017208105439266062,4.6529826029856936e-0
4,881000000,-0.025507267559366442,0.01362895360212687,0.000183185775403358
4,886000000,0.0056411504350585475,-0.0002640942608648063,2.076795569679581e-0
4,891000000,-0.001491148072679015,-0.00548104279616103,0.00018240492277468
4,896000000,-0.01804702076222067,-0.02196386014889164,2.004849000035727e-0
4,901000000,-0.003688599010513236,-0.0023483731050556907,4.646673852638791e-0
4,906000000,0.0068011225811487035,0.004095296661384657,-0.000109176960470924
4,911000000,-0.004477353253516978,-0.013037887555153092,4.2315189287260356e-0
4,916000000,0.014836773377854414,0.016855354555176214,0.0001080610310310125
4,921000000,0.004432510615723079,0.02904749203001501,6.133546657986866e-0
4,926000000,-0.01526144332278226,0.006353106918574586,-9.557867135177086e-0
4,931000000,0.005285397909015281,-0.00939847129960296,-0.0001725744568875863
4,936000000,-0.012105307966583467,-0.006529561975860287,0.000277388176191972
4,941000000,0.036927385618160655,-0.016717477542834404,0.00022138468541132
4,946000000,-0.036463614509993705,-0.027800065849206725,-1.173594236680575e-0
4,951000000,-0.020189875260385872,-0.007631920328595864,-0.0001032076079414111
4,956000000,-0.022694829856166318,0.04597710649461121,-9.58517042189207e-0
4,961000000,0.008418605394094274,0.02193969921773977,0.000126712439457331
4,966000000,-0.01101490048818475,-0.020490644563008382,-6.889439885051435e-0
4,971000000,-0.0011281305022370165,0.010600612308918261,0.0001771982599549224
4,976000000,-0.0025105238289162,0.0172024656497885,-7.110399236318083e-0
4,981000000,-0.0010589950660055978,0.00699651708173825,-0.0001055320303549645
4,986000000,0.017880758176189653,-0.008174167295774908,9.686736135814709e-0
4,991000000,-0.002230885929071458,0.0069862185063145205,0.000203207166257209
4,996000000,-0.01578479633627378,0.010946056612020109,1.3060899647407864e-0
5,1000000,0.0034744223314627128,0.01527210712627054,-0.0002163107094671003
5,6000000,0.02535976468443546,0.012037617452947385,-0.0001735888331746062
5,11000000,-0.0054936324527384405,-0.011426488905278106,-0.00021222542829447
5,16000000,0.04766628710430587,-0.009127384685252274,0.000189439055827991
5,21000000,0.018708266981024513,0.027027732534136175,0.0001204559496648240
5,26000000,0.014425029076910198,0.004587777674435645,0.000248667805184156
5,31000000,0.005648633070934548,0.02747517191521432,0.0002340430960597705
5,36000000,-0.006230209787354512,-0.014420917516028127,-7.299706826692656e-0
5,41000000,0.0005328238810278366,-0.005493804812122573,0.000156729370169489
5,46000000,-0.014286761809118451,0.018154015601776683,4.233454209944028e-0
5,51000000,-0.00656756213497067,-0.012822005531030111,-0.000410070931070098
5,56000000,-0.01446743534414528,0.016395862173245526,-7.420642612761936e-0
5,61000000,-0.006911482261114658,-0.008159674937663864,-6.675769486839565e-0
5,66000000,-0.012192145207749895,0.015802903945930813,0.0001143821462628922
5,71000000,0.040961112349411605,0.020132906812584107,-0.0004348613159110944
5,76000000,-0.014100471059537115,-0.003419241771206852,-2.0752960688978896e-0
5,81000000,-0.004275597171036598,0.01825379713689388,0.000306418440417814
5,86000000,-0.005676214723087579,0.006889210180489168,-0.0004150065897355860
5,91000000,0.012661300514831306,-0.013356856270888342,-0.0002538924611730211
5,96000000,-0.0024035881894872314,-0.0032175606231796996,-0.0001093114589074364
5,101000000,0.01350821746714919,-0.004983032643768708,0.0003146035085595297
5,106000000,-0.01736377742642392,0.014269926777582067,0.00042915418664343
5,111000000,-0.0023239377759255346,0.009677491106035288,-0.000294838352603017
5,116000000,0.0051587281496192116,-0.017500308112087613,7.306815873606669e-0
5,121000000,0.0032141960440340974,-0.02640217831689717,5.9152661178191196e-0
5,126000000,-0.009466100836330663,0.014952203867799762,-2.0097275896276658e-0
5,131000000,0.019643457337059498,-0.02217093783315139,1.9915199098677206e-0
5,136000000,0.01136220653216907,-0.005580173326687097,-4.901964188239503e-0
5,141000000,0.02693834196881426,0.0010640962711057165,-0.000220497867279120
5,146000000,0.009682957214268945,0.0026139696646221115,-0.0001363697136293686
5,151000000,0.014768500103510659,0.003948387795661238,-9.679345226603975e-0
5,156000000,-0.005547951553595578,-0.007010595588532385,-0.0001423465090680114
5,161000000,-7.452733136329879e-06,-0.010816622728965906,-0.0002296391210615599
5,166000000,0.045029722534526084,-0.009115887804479243,-0.00019791136049275
5,171000000,-0.043417348029669955,-0.012230327697872991,8.091221797930765e-0
5,176000000,-0.003860907220895802,0.005572331576324531,-0.000173292136242299
5,181000000,0.002614275257025983,-0.021409938802537023,-0.0002580270855347650
5,186000000,-0.007273024841390508,0.011621199467063477,0.0001678042951693410
5,191000000,0.021715175147696546,-0.016687414163876153,-3.3206464603608244e-0
5,196000000,-0.009699046892236865,0.021168206952868196,0.000278246872936067
5,201000000,0.0020737260064366964,0.011559272999560399,0.0001219014039621791
5,206000000,-0.006041642823846662,-0.01465490275398646,-6.116746151014383e-0
5,211000000,-0.004147509770076044,0.025029689331135346,-0.0002280340152683325
5,216000000,-0.01779018070808568,-0.020406900658477976,-0.0002385186981063983
5,221000000,0.0007190242923841624,0.031193578549684256,4.643273914922947e-0
5,226000000,-0.017207407141679863,0.0031987028701019223,0.000242254161929637
5,231000000,0.018150559540643513,0.01757952767459173,4.852312763054987e-0
5,236000000,-0.012346593271703434,0.014865196855603715,0.0001565964116224473
5,241000000,0.0052523128061429045,0.025630106442902263,0.0003454243197368953
5,246000000,-0.005147367329766517,0.01570236189105046,-2.6566322982416866e-0
5,251000000,-0.00024428951256867584,0.01036793748008824,-0.0002059789599015855
5,256000000,-0.00533425094024701,0.03659430633292527,7.898083636056935e-0
5,261000000,0.03372588420577125,0.017426446381968684,-0.0002712482041305069
5,266000000,-0.002564852939177834,-0.015481484513483376,0.0001263153583418751
5,271000000,0.0038787678705531677,-0.0029705795786829172,0.000289614143739523
5,276000000,-0.024191359420885204,-0.009768412748524578,-0.000393756278116263
5,281000000,0.006716932759001236,0.014584576158635289,0.0004032207995278462
5,286000000,-0.0017790353404141535,0.0068271033643657435,0.0001042505078298547
5,291000000,0.013010275363372223,-0.024714512638317407,-0.0001183162203142159
5,296000000,-0.027719576498772342,0.0011506188964015892,-0.000178341480107806
5,301000000,0.017636138614996168,-0.002472559486939966,-2.9711994791686374e-0
5,306000000,0.009473397784660562,-0.01949424975122876,0.0001245066375918513
5,311000000,-0.0036199876674165845,0.015557261923958293,-0.0001813321260493329
5,316000000,-0.004523032058761961,0.007080784775372384,0.0004742178455316155
5,321000000,-0.009194421971328602,-0.01739291878314187,-0.0001167815135328348
5,326000000,-0.03509224437206591,0.0010326002194329964,0.0001556075269326053
5,331000000,-0.002031233073065684,0.008957546306976014,-0.0001130643166793383
5,336000000,-0.04541259597531565,-0.019768711983861393,0.0001401277240635614
5,341000000,-0.014440456675735671,-0.0016026807776451254,0.0001435200709140969
5,346000000,-0.01726129033528439,-0.0488887174057198,-0.0001444681914276413
5,351000000,0.024639858695759118,0.00011963941129427419,7.601195245530068e-0
5,356000000,-0.016436285872175205,0.023002831105396908,5.195310308164541e-0
5,361000000,-0.007837932594732755,-0.00597960081962789,0.00039862583215668
5,366000000,0.002590022186407387,0.011726939417880692,1.2744682701494504e-0
5,371000000,-0.014826472014593842,-0.005862219106517239,-7.677261672463595e-0
5,376000000,-0.03543023152068967,0.011843616864021923,-0.000105392243118254
5,381000000,-0.012033457721350142,0.007033791249366485,-0.0004634300385762162
5,386000000,-0.01249062202638256,-0.013427690350693085,-8.013554928762362e-0
5,391000000,-0.03418830704235919,-0.008224859466981909,0.0001451708383828567
5,396000000,-0.007939365430387205,0.000563572023271191,5.04802736528744e-0
5,401000000,-0.039361434463607854,0.00969355606455151,0.0002372816402863406
5,406000000,-0.03914077804495732,0.008476346072448937,3.760773028755495e-0
5,411000000,-0.05858746514537622,-0.010230908920854643,0.0002055376572129995
5,416000000,-0.027095673566189863,0.04226948861060868,-0.0001349438990774007
5,421000000,-0.0664236476924793,-0.01307888452832142,-0.000227032923090413
5,426000000,-0.0363402564471543,0.011759340738655057,-0.0001101679926398370
5,431000000,-0.029141243578227057,0.009109694879244037,0.000172428942253144
5,436000000,-0.030547483629585842,0.020923984196012674,1.0662365232993907e-0
5,441000000,-0.03871469437877133,-0.009665090084399856,0.000415799414333859
5,446000000,0.0005299262490121026,0.006616130460716946,-6.930172193488212e-0
5,451000000,-0.009019634291489201,-0.00608115818985089,-7.871136141394693e-0
5,456000000,-0.013541910977217977,0.00039670325038202944,8.538771529751226e-0
5,461000000,-0.012965124116222231,0.024296228780949333,-0.0004050374410246888
5,466000000,0.0004678728000722873,0.0015227480543418357,2.1467441665698192e-0
5,471000000,-0.0036289373900183775,-0.008592353319416548,3.6151598702412374e-0
5,476000000,-0.0330077413569385,0.02337710413554495,-0.000178483941159186
5,481000000,-0.018565282857651078,-0.012133478196637671,-0.0003250275125370808
5,486000000,-0.017706373004493875,-0.009051751012380359,7.739090419534923e-0
5,491000000,-0.04314608186924178,-0.0031990285680456106,0.000170319196986717
5,496000000,-0.017342287771516703,-0.008430695697571503,0.000260328949986424
5,501000000,-0.023181547106562596,-0.050944609579499804,-4.029845438726633e-0
5,506000000,-0.039999091637118706,-0.01032668691406009,4.888265853226004e-0
5,511000000,-0.027023438422792527,-0.005950035774391183,8.890261782554274e-0
5,516000000,-0.03100483533912002,-0.012626983755384312,0.0001087618627382197
5,521000000,-0.009192172786135083,0.009350639209380658,-0.0002308724795425741
5,526000000,-0.043130561378030445,0.021712070246840222,-0.000167511881117713
5,531000000,-0.057707637508505216,0.022929994738863865,-0.0002794877819413048
5,536000000,-0.022948578970089742,0.0035433561808276555,-8.856339204300506e-0
5,541000000,-0.015175554986480749,0.006926066792848032,0.0002586149041517079
5,546000000,-0.02220677460674558,0.003957521257605887,-0.0003304658140554370
5,551000000,-0.0025106978438307614,-0.0004406820315642401,-0.0003983958976022565
5,556000000,-0.0257604445487104,0.02179983934846974,0.0001541105870873951
5,561000000,-0.056438551179190784,-0.021178053169894566,3.5735177594393783e-0
5,566000000,-0.07180110511193936,-0.003877780864329653,0.000376237768765172
5,571000000,-0.05619821172922828,0.005697041020687841,-0.000364166555137225
5,576000000,-0.053187296228198025,-0.00011637824031250437,-0.000372063612367849
5,581000000,-0.059902566979531016,0.012353701719816071,4.9077706551634736e-0
5,586000000,-0.07319393231186885,0.006913240256536836,0.0002858106239974208
5,591000000,-0.04745251838372257,-0.0019862507746311485,0.0001484138766980679
5,596000000,-0.049094145061285,0.018217251978471627,-9.879645404158682e-0
5,601000000,-0.04056250337311128,-0.031649318447645895,3.74787029182112e-0
5,606000000,-0.04830920655020516,0.029605042365581154,0.0003044092985742811
5,611000000,-0.03952864649730502,0.015621593429226019,-0.000351100936583038
5,616000000,-0.04086194769054664,0.01865594866817287,0.000335424313213660
5,621000000,-0.056034208901933856,0.018025232844390494,-0.0001868207428431946
5,626000000,-0.04990902387841635,0.003924479883981061,-0.0002138892061562156
5,631000000,-0.0537595867652388,-0.016302587261336553,0.000263284212311703
5,636000000,0.013057352900290514,0.018430209463401237,0.000220019286141332
5,641000000,-0.11489526279228471,0.006114281244331216,-0.0001260166881670223
5,646000000,0.018449450781165114,0.029110749203799077,5.4345279279383123e-0
5,651000000,-0.061095821447268474,0.03964040719333268,0.000293383495811336
5,656000000,-0.12932524718810756,-0.008225748946689208,-0.0003542696127614945
5,661000000,0.026038022262860644,-0.017814856772989596,-6.596855364643209e-0
5,666000000,-0.09219401851122892,-0.03872133212517634,-0.000182187651259674
5,671000000,-0.1392845642764068,-0.02924125617694324,-8.926158134171431e-0
5,676000000,0.019710530233093916,0.003498634234046353,-0.0002501833704979791
5,681000000,-0.07559742268702578,-0.01760712496752893,2.7523256801352563e-0
5,686000000,-0.08428085007927873,0.02481900821947043,0.0001236231611081840
5,691000000,-0.05950890173840108,0.02182597002437631,0.0002783197904424923
5,696000000,-0.07366071109543304,-0.036416684724360784,-4.086203675694625e-0
5,701000000,-0.04566569513399817,-0.000958661876368611,0.0002316691869811180
5,706000000,-0.08713048600090142,0.01633289190560532,-1.0272694453122651e-0
5,711000000,-0.06563667626128723,-0.004181355632719559,5.477751928483116e-0
5,716000000,-0.0864900606210768,0.013805600972298214,6.346149348030368e-0
5,721000000,-0.08847686625086787,0.008228552191166496,0.0001148330566197063
5,726000000,-0.024511862732165837,0.018117447323350216,-3.675000835470211e-0
5,731000000,-0.040292727594668024,0.01769462824871996,-0.0002326342472150155
5,736000000,-0.08011323119356203,0.0049959401124476535,5.834559550042271e-0
5,741000000,-0.07655153678523846,0.008929455098502358,7.475353131345792e-0
5,746000000,-0.08567059677373431,0.03573610558173516,0.0001097151264080575
5,751000000,-0.06262595556471322,-0.03894154735885535,0.0002622401853691627
5,756000000,-0.057755143684978846,0.012439382890584253,-0.000261833428956983
5,761000000,-0.06290921812390478,0.024581382735715123,0.000226733310182724
5,766000000,-0.045169474152502484,-0.0027584129730393045,-5.451514735394939e-0
5,771000000,-0.06520037060718596,-0.009201093123798524,0.0001861650261381438
5,776000000,-0.0690608261176625,0.007797740565315843,0.0001907177249316544
5,781000000,-0.0855854743630167,-0.012651330011015854,0.0002015002615310478
5,786000000,-0.07658809725838132,-0.004412563915875601,-0.000451385015435985
5,791000000,-0.0773537907347904,-0.00812515627388058,0.000469429073480515
5,796000000,-0.0687288905752794,0.028021858356112032,-8.24045170769881e-0
5,801000000,-0.08342130194178121,0.022531819717296044,7.916091062735779e-0
5,806000000,-0.05914563013359638,0.007490414052304839,-7.833367984644742e-0
5,811000000,-0.07283404727302155,0.010321784554681865,0.000314693785300643
5,816000000,-0.05913583424401082,0.051132947762642704,0.0001145088248770517
5,821000000,-0.07421108608223292,-0.012433392969036266,0.0001936141084813351
5,826000000,-0.05782202534192299,0.012629059192659229,6.82459153421893e-0
5,831000000,-0.09413337247741621,-0.028829265732825272,-5.6806010408052016e-0
5,836000000,-0.0810588356667348,-0.024350703174898757,0.0001769556922661313
5,841000000,-0.08566705176705722,-0.0016103527404943432,-8.755427549119477e-0
5,846000000,-0.09092334648148696,0.007776170273976823,8.627686736067032e-0
5,851000000,-0.05987265711512896,0.007317101589286692,8.121822586978473e-0
5,856000000,-0.06760874238836953,-0.007551467376050422,-9.59084302183316e-0
5,861000000,-0.05762497687535292,0.006578697656248248,-0.0003925745110076056
5,866000000,-0.08762015068208077,0.028198664963350578,-0.0002078844455275578
5,871000000,-0.11485279828437905,0.015823420586975247,0.0001777241686118173
5,876000000,-0.07590286736261145,0.006216670005766763,-3.7203420571160156e-0
5,881000000,-0.08882414819325257,0.008538652801678875,-0.0004030820786769142
5,886000000,-0.06616745444498255,-0.028022791282158534,-0.00049360306612700
5,891000000,-0.06720429111333708,-0.008424324645071236,-0.0001026873998168003
5,896000000,-0.0714941119068015,-0.02868647241985389,0.000309706561114930
5,901000000,-0.09273510923772232,-0.016205288288077515,0.0001378963186635654
5,906000000,-0.07540395305388048,-0.0028245872513550352,0.000274664574866383
5,911000000,-0.08163846152864573,0.010115014202990059,-0.0001714230637031851
5,916000000,-0.08717351175180879,0.01753620509397924,-0.0001119945580947629
5,921000000,-0.0629504357873938,0.012611888713701528,0.0001781976592738708
5,926000000,-0.05606551119826403,-0.007856396641399048,-0.0001696512127404032
5,931000000,-0.05745560997435067,0.023249128720823284,-0.000156426363489159
5,936000000,-0.07992498590259856,-0.02116485305274045,-4.5660388982887574e-0
5,941000000,-0.0898999098245338,-0.0050260770726694584,-0.0001463624607917496
5,946000000,-0.04153262592093113,-0.001842026801263586,3.360661043917734e-0
5,951000000,-0.059921349823274045,-0.00924190478530901,-0.0001946009915341267
5,956000000,-0.08436552719023849,0.00452413512899467,0.0003963183543388255
5,961000000,-0.06442827687514054,0.01735295128752716,-0.0001646948266499259
5,966000000,-0.06901228081645251,-0.009231753845389774,5.949588773070725e-0
5,971000000,-0.08807245756751421,-0.020999122562701415,0.0001716943724383350
5,976000000,-0.0754911355791982,0.016865467882302376,5.19033053879982e-0
5,981000000,-0.13956718344035607,0.014794004075685844,0.0002165242877043531
5,986000000,0.03593705466531923,-0.02266884042001228,-0.0001056626665110574
5,991000000,-0.06938885893157076,0.012619178789934044,-7.761875311009275e-0
5,996000000,-0.08079619956026635,0.0024234687693571334,1.1660610810619086e-0
6,1000000,-0.04284337300365821,-0.02260328832071125,0.0001267086887901781
6,6000000,-0.14990042548022173,0.03502406724192752,-0.000423378943904501
6,11000000,0.07571889294122905,0.03338839415548694,-0.0001289977146635012
6,16000000,-0.13598416815899844,0.006445240584143402,-0.0002383823003281272
6,21000000,-0.051905678928019436,0.02068225412791497,-0.0002074557544255942
6,26000000,-0.06445243278419775,-0.013240935285009145,-3.6094714526950815e-0
6,31000000,-0.05742025011216878,-0.004056165819239165,0.000300920318748379
6,36000000,-0.047750640145803123,-0.02177538224164186,0.0001816419261034136
6,41000000,-0.05172790126985919,-0.0010979652052926741,0.0002803319922909583
6,46000000,-0.043018469927475565,0.004046776541370983,0.000146859270845137
6,51000000,-0.04194274230178888,0.004480766297440995,9.950000796203036e-0
6,56000000,-0.05086544894296968,0.0008338350045237938,-7.516438233363948e-0
6,61000000,-0.05387037087563711,-0.015218101261183174,-0.0001868574302392233
6,66000000,-0.04496447776582303,0.0037381695610287876,-0.000177618338449612
6,71000000,-0.026674374580642094,-0.023475814369874073,-5.336522946971306e-0
6,76000000,-0.026527342213012138,0.00517025533275871,0.000346914329538692
6,81000000,-0.05354932295961636,0.004220910768560311,-0.0001398147449230957
6,86000000,-0.028672026912397865,-0.019301821408784156,1.8977079108147436e-0
6,91000000,-0.038490407002273186,0.015033751504052456,0.0001982282173194527
6,96000000,-0.06997155623088702,0.0044628259220201895,-6.770131804946896e-0
6,101000000,-0.019638828398684808,0.008393732378904728,0.000300547665806448
6,106000000,-0.029256900232464345,0.016696483296072484,0.0003703443310511080
6,111000000,-0.05124313193363483,0.0013263634061930693,-0.000694001864477755
6,116000000,-0.0586138624985944,0.028565794995177266,-0.0003038630677317257
6,121000000,-0.025473039923170605,-0.016611356290543302,1.2655913576235658e-0
6,126000000,-0.05470232396759541,0.009500139731290186,-0.000137349665616234
6,131000000,-0.051933174185839426,0.005821344954599375,0.000538501669013562
6,136000000,-0.06682911481890288,-0.008160639922421189,-0.0001128349562215005
6,141000000,-0.05148780910608287,0.005850174853052088,3.656036853755016e-0
6,146000000,-0.012249159782559884,0.01651479048452929,-0.0001097010149238837
6,151000000,-0.017845097873366637,-0.022169702609241764,0.000432977942422242
6,156000000,-0.01798660431515406,-0.014920081830431739,-0.000276558479486119
6,161000000,-0.05014599102668152,-0.004020215992486751,-0.0001101503539332217
6,166000000,-0.0307285704180277,0.02029328213248345,0.000121640470663849
6,171000000,-0.05195741302102332,0.019293590315768855,0.00027068727007372
6,176000000,-0.04620427281048756,-0.006965288921784704,-9.499012064466602e-0
6,181000000,-0.03764146576496771,0.02034907063602525,-8.274723907039057e-0
6,186000000,-0.0521574369373488,-0.002173470995809293,-0.000250019068230946
6,191000000,-0.044829071230156094,0.002899965914246346,-4.326998280409184e-0
6,196000000,-0.015130795187318555,0.028165286873733437,-7.286953153396185e-0
6,201000000,-0.02809499165114592,-0.007322778270553436,0.0001757197576305092
6,206000000,-0.05197437067919314,0.011846901344745881,-0.000494193800370250
6,211000000,-0.011248154847732336,-0.02111279447025935,0.0001880066791390253
6,216000000,-0.013539925045597128,0.009250034150642947,-0.000343904735529239
6,221000000,-0.020841737954087832,0.009220774613521322,4.021705471407372e-0
6,226000000,-0.019679955183216268,-0.0009993750238629874,0.0001371754864249118
6,231000000,-0.006903441005952658,0.021716533741122476,-7.610788708965027e-0
6,236000000,-0.027635388145458836,-0.011698158593487284,0.000550580986481241
6,241000000,-0.050964942860686646,0.009115097713010034,0.0002004655355244918
6,246000000,-0.08081435541573223,-0.019260250134617334,-0.0001756106482335895
6,251000000,-0.05592021277070723,0.01607516298251272,-0.0001477050939187456
6,256000000,-0.018538300514970414,0.010365318717307911,-0.000183407407963886
6,261000000,-0.03178063850874599,0.02799469921076782,3.326508387804417e-0
6,266000000,-0.050536525035690893,0.015424164529533173,0.0001424016314179742
6,271000000,-0.010804740075265839,0.007802213674311689,0.0002705140494809639
6,276000000,-0.014645293479337131,-0.030459519232636678,-0.0002710838705337698
6,281000000,-0.021031730271789853,-0.002550671546915199,-8.32293745191937e-0
6,286000000,-0.02933469793805435,-0.011178043029139901,2.030676091658032e-0
6,291000000,-0.035638699269903894,0.0006586287740470188,8.870782688922166e-0
6,296000000,-0.013544698329106266,-0.029227264612689825,-0.0003326304457316006
6,301000000,-0.02273197294626438,-0.00044114258763882773,0.0001194408744037416
6,306000000,-0.013508556227693497,-0.0037439760880747215,-0.0001639753045517455
6,311000000,-0.04125315451089219,0.004778838364042126,-0.0003769434543318162
6,316000000,-0.025990917816902822,-0.01244425359280664,-5.572410896358498e-0
6,321000000,-0.03889572414425987,-0.025707398172260493,4.4434031208520355e-0
6,326000000,-0.01196731239541305,-0.04038780652866022,0.000498360723921318
6,331000000,-0.03864940892929228,0.006009683223523358,-0.0001433273888482382
6,336000000,-0.03752504653665308,0.018565333990457577,-0.0001838549800404770
6,341000000,0.0013997420312548518,-0.012428952864340313,-0.0001662285585475944
6,346000000,-0.011872676820351176,0.030955994188118986,0.000161217368528385
6,351000000,-0.03686202568146155,0.02834187810041573,0.000335905456602753
6,356000000,-0.02499595711871931,0.0032397680972073148,-1.3426003787849035e-0
6,361000000,-0.011764630490525846,0.017396646254210984,8.486960380835792e-0
6,366000000,-0.002268311592995804,-0.0014442460377084648,-0.000248986402262165
6,371000000,-0.018510662707132464,-0.00163746962439432,-0.0004217114082189485
6,376000000,-0.006506753389843866,-0.00907122554150423,5.800299263159874e-0
6,381000000,-0.028916601222427805,0.01468432668747944,1.9707954304628734e-0
6,386000000,-0.042529283685346565,0.003953150724772412,-3.6083621205045384e-0
6,391000000,-0.017358686676396184,0.009847187521601937,1.6391398397616484e-0
6,396000000,-0.03142190573382104,0.03127480727607426,8.055395958040605e-0
6,401000000,-0.02283352032384225,-0.00026282444066321885,0.0001322735567100819
6,406000000,-0.00026829455296858984,0.022022000091190715,0.0001216244808493638
6,411000000,-0.013810686018128307,0.0065443193475498125,-4.861193652031396e-0
6,416000000,-0.03422284411250193,-0.012567523915227335,0.000134630834809210
6,421000000,-0.03862567684522143,0.013903667064222937,0.0002904436031616244
6,426000000,-0.004339586870703526,0.01193857103808935,-0.0001556407217659958
6,431000000,-0.02602122254237509,0.018157833823312423,-6.967245855780385e-0
6,436000000,-0.01644529307189474,-0.010276253191914626,-7.571934829451576e-0
6,441000000,-0.024710975696551587,-0.005787821008712566,-1.5758328960918514e-0
6,446000000,-0.02151140327971873,-0.0021897556063883985,-8.246627805341122e-0
6,451000000,-0.033148477001376915,0.005158258112118015,-0.0001399300415149703
6,456000000,-0.013901308292594495,0.004554275790912452,1.0518451240825899e-0
6,461000000,-0.028101121816654532,0.004857299711498172,0.000105112907251045
6,466000000,-0.03816120119643594,-0.003139218491833312,-5.226933709660443e-0
6,471000000,-0.023660560637681224,0.007132884775543651,0.0001986657911289638
6,476000000,-0.039149434102658615,0.015757409672763276,-0.0002266198789951200
6,481000000,-0.007068047970305096,0.009960668389692413,-0.000366777065690870
6,486000000,-0.03655626290514821,-0.01477590781213541,0.0001184739764723233
6,491000000,-0.025682185580151368,0.0021204826777195254,0.0001008604626826975
6,496000000,-0.023065549137623265,0.01047868157840257,-0.0001124985683205148
6,501000000,-0.05185916990170582,-0.02400074007355401,-0.0002453279438972986
6,506000000,-0.021251569697755077,0.01877661015176835,0.0001950109237610069
6,511000000,-0.039653125748211754,-0.016862529663020813,-0.0003566490264702840
6,516000000,-0.05030946999990455,0.013666393701419343,1.2008594183502623e-0
6,521000000,-0.043568697427822746,0.018848458751611317,0.000277037262801486
6,526000000,-0.021894847913557426,-0.014956601856417626,0.00034948295946659
6,531000000,-0.011541498361331122,-0.009101515437062994,5.305089801197882e-0
6,536000000,-0.024309768367603242,-0.03610308701817306,5.225697576136801e-0
6,541000000,0.007186657036916531,-0.010616970518462178,0.000259512766251882
6,546000000,-0.008802368959550092,-0.006478514726595844,0.0001545033702449140
6,551000000,0.001995301344503944,-0.014301855438629519,-0.0001937158985389075
6,556000000,-0.007387189147673128,0.00816020103199341,-0.0001196105360906225
6,561000000,-0.02678853271578538,0.03389191199320432,-0.000411292195161922
6,566000000,-0.00737783456675653,-0.030688742169812377,-0.0001259963250004899
6,571000000,-0.008921890646157147,-0.028265649653863238,-0.000466168650445028
6,576000000,0.013033464875872956,0.01897132198129436,0.0002379403411538080
6,581000000,0.0324181113503562,0.003319936129054054,-7.356700248750596e-0
6,586000000,-0.04808217388033203,-0.0019887156265397344,3.730690554017359e-0
6,591000000,-0.020370315093887044,0.0007583086532169258,-0.0002297745130023137
6,596000000,-0.02836871407411873,-0.00015509735798824558,0.0002040135885978482
6,601000000,-0.007727870051476019,-0.009381746417964855,-0.0002454122513025131
6,606000000,-0.01702544954831179,0.0008826874386427282,-1.95247147773352e-0
6,611000000,-0.011883588334962246,-0.010254298976543627,4.300243622092202e-0
6,616000000,-0.051843189160493144,-0.03611110025511446,-0.0001171274644818029
6,621000000,-0.047253614080207604,0.005325515464937033,-8.290964199006347e-0
6,626000000,-0.017432853009412715,-0.019199611847888026,-0.0003875774645316193
6,631000000,-0.018011701007443016,0.03239356910552792,0.0001161682897365824
6,636000000,-0.009897390402959606,-0.002073695406116829,-7.695774281960177e-0
6,641000000,-0.021498391525692568,0.007993061328401689,1.1897373264390493e-0
6,646000000,-0.021796943067787528,0.02991676829377303,0.000327406312748090
6,651000000,-0.045169855753234095,-0.0038473684622913466,2.3115957087324693e-0
6,656000000,-0.0335649798890095,-0.000615914660362775,0.000225687239350700
6,661000000,-0.04731971814167963,0.01674912687443984,-0.0003377399481351240
6,666000000,-0.009609524527154502,-0.0017918811689372842,-7.0784398977456e-0
6,671000000,-0.007420079253742528,0.004259505355228113,-7.973845122235196e-0
6,676000000,-0.04597452459027438,0.015751726660208153,-0.0001014288794813476
6,681000000,-0.03446697483098802,-7.772518805897449e-05,1.342470275586091e-0
6,686000000,-0.013239318026999678,0.009662468591687266,1.0988141497240727e-0
6,691000000,-0.03724292729044081,0.009611330987097336,-0.0001408577477427851
6,696000000,-0.04601781196386878,-0.008964316030814845,0.0001410478328985047
6,701000000,-0.02317487904451782,0.02407058555322619,0.000575868064915926
6,706000000,0.006461141050099289,0.011856064312680893,0.000186939831820670
6,711000000,-0.004218144396551295,0.019108811024284317,0.0004726958054625973
6,716000000,-0.026700419641742114,0.010433371390868564,0.0002357989493933739
6,721000000,-0.010223283209227179,-0.011012024220708877,0.0001092232790324216
6,726000000,-0.024235779854148327,0.0028592362927999226,0.000139919245173557
6,731000000,-0.039626289800423695,-0.00619544137299841,0.0001052760705766002
6,736000000,-0.031458832672868205,0.008915382424746961,4.994396408833717e-0
6,741000000,-0.01967476906480909,-0.0191848188153043,-8.307060810476693e-0
6,746000000,-0.03009484513968048,0.005915295813554143,-2.25248319149329e-0
6,751000000,-0.0014229294902520055,-0.012319753974501435,-5.9779290760314525e-0
6,756000000,-0.01995801108937437,0.004151001482910462,-6.647987660908613e-0
6,761000000,-0.027506443371179308,0.013036732918983312,0.000221522016793236
6,766000000,-0.016232138515422514,-0.001873688732309272,0.0001482080228720910
6,771000000,-0.053734011734069304,-0.015808448088169537,-6.640110049165726e-0
6,776000000,0.001478412080358947,0.015650044695246314,1.5045754980106453e-0
6,781000000,-0.03960779893208903,0.021147855821053177,0.0001143841178672875
6,786000000,-0.03076640229352745,-0.015094185789906255,0.000268368751226484
6,791000000,-0.03439293777589983,0.0049359380724032,-0.000533549727270893
6,796000000,-0.04667101072477673,0.005832557406799522,-0.0002387596729144835
6,801000000,-0.038957180770475684,0.018708604292000563,3.723597163419772e-0
6,806000000,-0.023883768085517176,0.003577712002246779,-5.9129722475703486e-0
6,811000000,-0.032909812614744495,-0.004768023736623442,5.607358058917065e-0
6,816000000,-0.026134750475035592,0.02519163581878948,-0.0004131285996407257
6,821000000,-0.025126169712909582,-0.013729732714590475,-0.0001107169465229435
6,826000000,-0.04151437022042966,0.00883705362574741,-9.030547564564675e-0
6,831000000,-0.053488119870526374,-0.014126247036678672,0.0002367325205897148
6,836000000,-0.056824128841182486,0.013462081849750403,7.515044331618415e-0
6,841000000,-0.05469730507637176,-0.020003926460255828,-3.3205658846520795e-0
6,846000000,-0.07043430187239315,0.016165666396332184,8.253297333492373e-0
6,851000000,-0.05827668284929027,-0.03106676121100515,-0.0001049208672650023
6,856000000,-0.07621940230110968,0.009041321604955448,0.0001206266554137383
6,861000000,-0.04864900845313266,-0.007914011367515981,0.0003365993605144011
6,866000000,-0.036736602346159025,-0.028554338103847852,-0.0001327676939230107
6,871000000,-0.014588879706295549,-0.011392847678894204,-4.14268472355477e-0
6,876000000,-0.034943204602351216,-0.04313007388876744,0.000146100165812061
6,881000000,-0.04673101330324261,0.01922186657298396,0.0001319359477968888
6,886000000,-0.05071961886488552,-0.015247250814845245,0.0001672578803411632
6,891000000,-0.051756990119473587,-0.003873969077341418,3.078591208378777e-0
6,896000000,-0.08279680182989951,-0.019527198995652563,-0.000493244316923094
6,901000000,-0.035478436516376784,-0.004509403788526836,-6.66680190157014e-0
6,906000000,-0.045308762625047176,-0.003946295703218424,0.0001207431596827466
6,911000000,-0.02775450307287425,-0.00023190636874077352,8.934046933837023e-0
6,916000000,-0.06882509395014491,-0.020792617681555423,0.0002743418113895159
6,921000000,-0.061330796482019403,-0.009896508514818951,0.0002406880935923118
6,926000000,-0.05408232186650267,0.02087870436157457,0.000327225566450992
6,931000000,-0.04292145527843424,0.0012039490331804089,0.0003958986590068140
6,936000000,-0.03822564068307556,-0.03552855942201732,-0.0002193846103103030
6,941000000,-0.08061718087097998,0.018764375364103816,-8.089994511244684e-0
6,946000000,-0.05557531438384024,0.005259353229088711,1.732104735212308e-0
6,951000000,-0.04871918393172735,-0.01626432196536086,-0.0003244086321755303
6,956000000,-0.06409477756353851,0.001979163422820072,0.000364740002404123
6,961000000,-0.0570892453490318,0.010635126463858717,-0.0002043899862030573
6,966000000,-0.025949420863580305,0.01651014676859107,0.000447466046564325
6,971000000,-0.057728570554037684,0.004445342446906753,3.67754902230348e-0
6,976000000,-0.052841090479944584,0.015636482116340406,0.0002258175051992707
6,981000000,-0.05743708722554963,0.006438214404904403,-0.000138441025556185
6,986000000,-0.08698224065435055,0.006915476844065877,0.000108769256450605
6,991000000,-0.042440178845485545,0.020935735654555147,-0.000102998359022670
6,996000000,-0.03363967371070353,-0.010988115645101994,-0.0004360756462262685
7,1000000,-0.05232405539665303,-0.002408647236122218,-6.517188436315384e-0
7,6000000,-0.03881739271687305,0.0014780490965045886,-0.0001930113004017232
7,11000000,-0.03159703166457161,0.007492896467269576,-8.527479386339573e-0
7,16000000,-0.03680984024210639,-0.02160186684778548,-9.677321415434382e-0
7,21000000,-0.06283664588546618,-0.006428774138242395,7.798606636502552e-0
7,26000000,-0.06702836773828949,0.007326959318377251,0.0002777242888329062
7,31000000,-0.0531978977195493,-0.0076647345070561404,-6.686277700048735e-0
7,36000000,-0.06355318292950363,-0.0050746543928052055,-0.00017116465316602
7,41000000,-0.0643196871241861,-0.01820931872642188,-0.000320329387682177
7,46000000,-0.09129927318007451,-0.030899890061386583,0.000408258407079383
7,51000000,-0.04818593016767306,0.012324363164732588,0.0001722292806312901
7,56000000,-0.05652386569878705,-0.02026140331665444,-0.000349962725506856
7,61000000,-0.055437955482337355,-0.03118015530695866,-2.7809257162028113e-0
7,66000000,-0.07035351099472849,-0.010313122534865604,0.0003348067779712710
7,71000000,-0.08343521029775765,0.007708219511299064,-2.8426826668846195e-0
7,76000000,-0.08175692033208543,0.009555381095391243,-0.0004170606860525553
7,81000000,-0.08935253097305995,0.002113221546070138,-0.0001439016290644790
7,86000000,-0.0451573696175254,0.016874765078258927,0.0002047347994677862
7,91000000,-0.04588771280783863,-0.003209919080780795,-8.823033750344265e-0
7,96000000,-0.0867150582034199,-0.02452503212807158,-0.0003680106320031281
7,101000000,-0.0763607925637882,0.005020886186764494,0.0003325874222564845
7,106000000,-0.07758988332705112,0.018075684008175427,0.0002861879284823048
7,111000000,-0.0865031129765644,-0.005300081841216385,-4.1432244800009927e-0
7,116000000,-0.04139276486551688,0.0011808891612550686,0.0001261053580439073
7,121000000,-0.08576261313855879,0.032827017045544034,0.000292099794403591
7,126000000,-0.08730230451763198,-0.03533685235243533,0.0004496785384201565
7,131000000,-0.08146193562243623,0.0054285946774022525,0.0001080007957187404
7,136000000,-0.06926209855861512,-0.02889691978831903,6.335812344612915e-0
7,141000000,-0.11556227346047573,-0.021754493167500024,-0.0001042089071856999
7,146000000,-0.07921362249724007,0.01132356122973676,4.195012083698242e-0
7,151000000,-0.07563153918413983,0.009791750820236826,-0.0003317395115121753
7,156000000,-0.06859754484246156,-0.023384442079148363,-0.0001312641788032800
7,161000000,-0.06556341711679649,0.024980531601234424,-6.230960609367724e-0
7,166000000,-0.05412558262443697,0.005087098000971112,2.1484536953036833e-0
7,171000000,-0.0745119141330202,0.013457250364116902,-0.0002894055319942242
7,176000000,-0.07829712426171684,-0.007811604237942372,0.0003179239888889467
7,181000000,-5.87855336793581,-0.005187539946817376,2.9290244080903525e-0
7,186000000,-0.008835135518654773,0.008042230181502264,-0.0001694034544671667
7,191000000,-0.0559698995430735,0.0022839225077401245,0.0003083372841264431
7,196000000,-0.07651813896482165,-0.005962717745060387,-7.741404159016155e-0
7,201000000,-0.0669070688712939,0.004784431482072268,0.0001498832913890727
7,206000000,-0.06783757970120471,-0.00016235676977478753,0.000147561110136844
7,211000000,-6.8786406019457935,-0.004905112409212423,-0.0001173115895611077
7,216000000,-0.18343303693733168,-0.019487951374127656,1.0534588898309164e-0
7,221000000,-0.02034560768096265,0.014314890865515902,-0.0002123216895268114
7,226000000,-0.06793905083630342,0.011915417179036315,-0.0001156081643458196
7,231000000,-0.04720668996670589,-0.01683257008719119,1.3238570730341328e-0
7,236000000,-0.001524671496112559,0.02053564472987834,0.000215869203875685
7,241000000,-0.05606744719804701,0.001319907479995188,-0.0003267647846093192
7,246000000,-7.046997822768498,-0.00043092742190956,-1.2028959026438239e-0
7,251000000,0.03932096037715662,0.027627855229885527,-0.00027782617788124
7,256000000,0.011165230212659132,0.010401135522418998,-1.7200426334412046e-0
7,261000000,-0.045587371302610334,-0.029966335764333264,-0.0001308055267591313
7,266000000,-0.07611048542347056,0.0074471245465748724,5.777180751295527e-0
7,271000000,-0.05161252637760155,0.007192701509561634,-0.000266946727548890
7,276000000,-0.05098146884975041,-0.023629595140915283,-0.0001671330367693077
7,281000000,-7.049589720331113,0.005605657863478917,0.0001566548397135374
7,286000000,0.09148813204548883,0.013494824742952315,0.0002536195518083964
7,291000000,-0.009723623210015353,0.0032088203938949412,0.000562134368838729
7,296000000,-0.03056029599600219,0.0024654519060432175,0.000124465414488232
7,301000000,-0.040631685775983695,0.037250978387010976,-0.000519566936665965
7,306000000,-0.04165040650313946,-0.007413616451880168,0.0003211243974438240
7,311000000,-0.06151583218209875,-0.010574169463927263,7.854734773617783e-0
7,316000000,-6.994601264331649,0.036835440693606315,0.0004422724209441489
7,321000000,0.01890350494128694,0.001208747055906729,0.000332739704866370
7,326000000,0.002553336398278448,-0.02070287782177635,-3.1287228602962173e-0
7,331000000,-0.0392252909903454,-0.01880702995821054,-6.508499969659526e-0
7,336000000,-0.048743507587711496,-0.015796132136320352,-0.0001969070240564793
7,341000000,-0.08364180203356938,0.009448466411321807,0.0001846314636253140
7,346000000,-5.64862701909958,-0.03823748595245313,-1.4213759485655858e-0
7,351000000,-1.3727864006144819,0.02856036598348624,-0.0002382856996300711
7,356000000,0.013579981901823896,0.001985188331532813,-0.0001767927663859341
7,361000000,-0.027425772789931448,0.005974973257684226,0.0001810760574604308
7,366000000,-0.014258847560593424,-0.017564910115551294,5.747503162720872e-0
7,371000000,-0.09809297475719045,0.012366782589188333,2.466322175458615e-0
7,376000000,-0.06946578751922573,-0.008807878476522658,-0.0002631192097096751
7,381000000,-6.750023467135593,0.019573664884127654,-0.0001073763305014231
7,386000000,-0.2534255659433205,0.004944450633598258,0.0001080361477610245
7,391000000,0.02898764725529714,-0.015923758509744347,-7.248902206977296e-0
7,396000000,0.05346185984410462,0.008358662138894508,0.0004446129508455720
7,401000000,-0.1429182470316476,0.013393767662868665,-0.0001324029917599190
7,406000000,0.014205155726993296,-0.020948078148466904,4.561656862319162e-0
7,411000000,-0.11578335090522231,-0.006385619480572699,-0.0001463993360528717
7,416000000,-2.532814468222666,-0.0036171194112548724,8.035122085750908e-0
7,421000000,0.031636338333846784,-0.009709712119538624,5.268212280494806e-0
7,426000000,-0.11543612756929121,0.009276194822629102,-0.000285071458372119
7,431000000,0.021853423673634263,0.002700023591003303,-4.765774883685695e-0
7,436000000,-0.05186358828758206,-0.006294783581178768,-0.000250279222848804
7,441000000,-0.12252872121993676,-0.007111504859955544,9.42118714914037e-0
7,446000000,0.02157890918564118,0.001837933112391592,6.375298686527123e-0
7,451000000,-0.07199552175720902,-0.021636409700564393,5.310328093964419e-0
7,456000000,-0.12075182642828627,0.012241982197967651,0.000267137147406808
7,461000000,0.008536906297102364,-0.012814251333086618,0.0002698602703464622
7,466000000,-0.09958288108967811,0.0065726706824691125,-0.0002144039093895404
7,471000000,0.0413509522905911,0.010468317161379814,-8.154369014230949e-0
7,476000000,-0.035353737007166236,-0.0003038483232889915,2.3640297438713488e-0
7,481000000,-0.12890322520278963,-0.02287496196603149,2.9111680255365973e-0
7,486000000,0.010143613548606179,0.030389667461868712,-0.0001731453193619141
7,491000000,-0.0840167349843446,0.012051950986696118,0.000164133750943675
7,496000000,-0.12426365508947342,-0.0016312556493620401,0.0001849289907148976
7,501000000,0.005380818619379153,-0.01822927449247918,-0.000422911538333458
7,506000000,-0.05648729539579582,-0.014218839806236188,2.635930018299864e-0
7,511000000,-0.02403538671819977,0.011473163136702073,-0.0002815708619980719
7,516000000,-0.15574289982639236,-0.006877282928381207,0.000408324624109314
7,521000000,0.0074780619096403034,-0.0160897957299128,-0.0002755181268760680
7,526000000,-0.07693334121981213,-0.006499199218645059,-0.0001495137348399875
7,531000000,-0.03707509807745494,0.006686079519809315,0.000190373055407085
7,536000000,-0.05532907066117183,0.023082593127730852,6.32442225660545e-0
7,541000000,-0.07785814602119026,0.009884512882622399,0.0001013171230493330
7,546000000,-0.0417026739314103,-0.019533839988128656,-0.0002223451295151286
7,551000000,-0.05542825458294535,-0.013323324252799352,-3.345536196245389e-0
7,556000000,-0.06796304422391689,0.004454879444908105,4.4854462436192937e-0
7,561000000,-0.04310030942150693,-0.00585994412941347,0.000380148924105666
7,566000000,-0.026754602137087427,0.02040116759361084,3.921568414685878e-0
7,571000000,-0.06143498228350707,-0.006545465748495382,8.744630691706372e-0
7,576000000,-0.029494397227344295,0.023647571080139148,-0.0002454611259628717
7,581000000,-0.07444542918596123,-0.019406701711695583,-7.007691100025176e-0
7,586000000,-0.03015492956827883,0.05192019234463797,2.6088150764103895e-0
7,591000000,-0.036141016021792975,0.0020680598652894197,-0.0001737223017434855
7,596000000,-0.05120566023475004,0.00389201860931355,0.0002023506388545025
7,601000000,-0.08002085099351508,-0.014087573564225738,0.000246619309724556
7,606000000,-0.08880815465975914,0.019435480891298478,3.402132968143675e-0
7,611000000,-0.045321889583796744,0.0015341433678162696,-9.958841430317286e-0
7,616000000,-0.04934176983330717,-0.0058872621834367925,-7.350710748489972e-0
7,621000000,-0.053419639427683706,0.046603933855036285,0.0002214217887373767
7,626000000,-0.07366079876594778,-0.001294121143184668,-0.0002632661131631387
7,631000000,-0.05567576543898185,-0.0017151963596530571,0.0002218865739620552
7,636000000,-0.06228848682410965,0.015828800374901104,0.0002454863027478246
7,641000000,-0.06339067395826645,0.005083211745886382,0.000165347537840311
7,646000000,-0.07114023854116383,0.04686708337748283,-0.000345184781680687
7,651000000,-0.036752484093380694,0.011880492023129945,-9.856437261724648e-0
7,656000000,-0.04720135249683209,-0.006820852527073,9.388851920487409e-0
7,661000000,-0.0724176713852019,0.013057417748991686,-6.67829864057569e-0
7,666000000,-0.07810249894676446,-0.022102174520422957,-0.0001515096588866955
7,671000000,-0.09607251977765233,-0.0015889591026496015,4.468281355587863e-0
7,676000000,0.007047241574502212,-0.021813642970309972,0.0002788849466881508
7,681000000,-0.02394336590983591,-0.02260806426889653,-2.8631401607922307e-0
7,686000000,-0.06687206294253747,-0.019547442764959462,-0.000307295328927714
7,691000000,-0.06226627745583949,-0.0007583888273198558,-0.0001971501878900508
7,696000000,-0.04528456694668562,0.015694999467589947,9.61697280743805e-0
7,701000000,-0.05956746627974442,0.023778937498556717,-0.0003325087197062010
7,706000000,-0.12141888889786495,0.03991361083882292,-6.241739246067416e-0
7,711000000,0.00844688662298126,-0.029388130018476292,7.478281543491769e-0
7,716000000,-0.06712717702641297,0.0066131177669704,-0.0004000533704840834
7,721000000,-0.1574155341915738,-0.009132459289862609,0.0001375032238851595
7,726000000,-0.01727478389525459,-0.017363079499111457,-0.0003208007224619251
7,731000000,-0.042667870403532655,-0.006558295431123847,-0.0001993961921729234
7,736000000,-0.13185410074989004,0.010256395100807848,-0.0003023544298982978
7,741000000,0.008149282876067369,-0.010018230150554648,-0.0001808938964934340
7,746000000,-0.10601193021683795,-0.0015035495044978505,6.259845618099951e-0
7,751000000,0.026643983872251795,-0.010375739919812778,-2.5481356566088323e-0
7,756000000,-0.05663391089810643,-0.020735839010741927,0.000309237313463929
7,761000000,-0.1162255202081534,-0.013240228776420835,0.0001475647304033937
7,766000000,0.004231415619202579,-0.02481047962867803,-5.957426247152706e-0
7,771000000,-0.11122672547458087,-0.010490590940522607,-0.0001102700146712755
7,776000000,-0.05799795599404851,-0.02218185107260861,-1.721059401081377e-0
7,781000000,0.028911116799597566,-0.007948064497904231,0.0001341707220971676
7,786000000,-0.1532253588059856,0.01511322258911917,0.0001911594937444515
7,791000000,-0.0550488665727467,-0.009344207219282506,-8.405341296520977e-0
7,796000000,0.019115035837664274,-0.008179291731991951,-0.0003687511183225960
7,801000000,-0.1463524167892913,0.026825599335406788,0.0002752794893238786
7,806000000,0.022983063924999443,0.037679134223343055,0.0001842476062423539
7,811000000,-0.09818452409157177,0.011691662540249169,-2.60587031786125e-0
7,816000000,-0.05625912177706865,-0.005636954056203053,0.000284896404188241
7,821000000,0.02519417255834735,-0.012690438128417605,0.000370941936384987
7,826000000,-0.12018449032121434,-0.027982628016887712,0.000385554149070442
7,831000000,-0.053286977215128074,-0.006441857106509807,-0.000391067903842556
7,836000000,-0.0007594744758879831,0.028426475910003954,0.000152371004590038
7,841000000,-0.14641884168859903,0.005105786308925638,0.0001572774271396029
7,846000000,-0.07162165444755383,0.010168632683845368,0.000127489332359943
7,851000000,0.016007214188854868,-0.006783677321401004,-0.000128393599853711
7,856000000,-0.14407429538827926,0.008255854107251982,-0.000264386474045756
7,861000000,-0.07124864041734082,0.007985430346118384,0.000432797739274314
7,866000000,0.02598035896874312,-0.0013891887031927293,-4.140699118908657e-0
7,871000000,-0.14114154447591895,0.011499227797154973,-0.000499052116994643
7,876000000,0.009236087527361742,0.030459135300360422,0.0003326575420013049
7,881000000,-0.11948167149194501,0.025995395142994964,-8.480109899855255e-0
7,886000000,-0.06645688764834069,0.0010201728256380045,7.619992536418756e-0
7,891000000,0.004909838908267133,0.018919466792148842,-0.00014162197122701
7,896000000,-0.1718953448699073,-0.002753248667255456,-0.0001357531958404049
7,901000000,-0.04810872751542041,-0.01500146622072447,6.549401544663508e-0
7,906000000,-0.0018948092156490896,-0.014789689886600626,-8.506158710792889e-0
7,911000000,-0.12758365378737363,0.008706890763168183,0.000299024979353459
7,916000000,-0.06731464064823854,-0.0027902015212185084,0.00034491155517908
7,921000000,0.0027363598666607144,-0.0224263909173952,0.0001219016799160712
7,926000000,-0.1165175310186683,-0.007381253154813868,-0.00026044526339517
7,931000000,0.0350295912981397,0.01579357886920416,0.000249964851627451
7,936000000,-0.13522857951492476,-0.0019879581771800425,-9.725599162257792e-0
7,941000000,-0.058681619695176865,0.01246660102296403,2.281538283838583e-0
7,946000000,0.008245761364298868,-0.0004767431279275318,5.1984939816248305e-0
7,951000000,-0.13311351361547463,0.00014004981505631655,-0.00020550330793012
7,956000000,0.02260439001979014,0.009796440118936357,-6.508199518253322e-0
7,961000000,-0.1299374138352255,0.01987377377933506,0.0001381738471041034
7,966000000,-0.03386808479605465,0.016228469310392638,0.000195450540312946
7,971000000,-0.00782179548680903,0.009608394366648584,0.0003400201329714423
7,976000000,-0.12966242472276496,0.00026400164460481607,0.0001081435535108130
7,981000000,0.021284163944147207,0.013241949145228585,0.000312507101696600
7,986000000,-0.04684781913999097,-0.02301412294553615,0.0003769514242072424
7,991000000,-0.14692457007247883,-0.005010671740618993,8.562557641628331e-0
7,996000000,0.004641823850422923,-0.007863313665076487,0.000231247521179661
8,1000000,-0.060664094339974314,-0.016186950162110653,-0.0001110785663625462
8,6000000,-0.12741229919921598,0.007981862237363876,-8.644722509491769e-0
8,11000000,0.014712853635412089,0.008682524155067067,-5.673513384385324e-0
8,16000000,-0.09367435902114052,0.0013618940498519832,0.000250423972792396
8,21000000,-0.10498870977804836,0.041647068055446775,-0.000261343413461630
8,26000000,0.013643475753837737,-0.014019250916396378,0.000306803801954178
8,31000000,-0.056456171124915445,0.011318716190134566,-8.25120134809041e-0
8,36000000,-0.12809481517024318,-0.022855542190645894,0.0001666286729740637
8,41000000,-0.006142143149773356,0.025529894180647127,9.30504902263022e-0
8,46000000,-0.06238615333265463,0.022840464091906203,0.000310097290423669
8,51000000,-0.11525480814130037,0.009188116543396553,0.0001992269709835069
8,56000000,-0.008521852465019204,-0.0361894309011091,0.0001313310534869307
8,61000000,-0.06137819811947221,-0.024195555729436012,-3.254712008541512e-0
8,66000000,-0.11291426069325186,0.014096503375239896,0.0002188768541479310
8,71000000,0.05995922391820234,0.029380575987707307,5.287078960131459e-0
8,76000000,-0.0604646742687504,-0.009754408817307972,-5.216192829606499e-0
8,81000000,-0.11046770058126394,0.00894262125606033,0.0001240828016788392
8,86000000,0.022806203019637296,-0.002691583951492365,-7.205293525643729e-0
8,91000000,-0.06361985505002112,-0.030202031566255623,-2.335024502703929e-0
8,96000000,-0.04679506284936442,0.019435088524514726,-6.065054520215616e-0
8,101000000,-0.029558137748110024,0.00574595484943489,-0.000218353740334879
8,106000000,-0.06288352820773865,-0.013176043508031728,-0.000107039386026369
8,111000000,-0.03618857011606803,0.011678638396309652,-6.969413844647972e-0
8,116000000,-0.09722821689283882,-0.013633319907721249,0.000439642291084789
8,121000000,-0.01567934532583659,0.005831381671619648,0.0001002163270961273
8,126000000,-0.08261561082011674,-0.008352438550780552,8.131979857754499e-0
8,131000000,-0.06237950352211936,-0.035777224092778934,0.000187114044384680
8,136000000,-0.07342802814260688,0.008146940789361186,-1.180219019961511e-0
8,141000000,-0.042461991266433824,0.015486278966159258,-0.000264628508067224
8,146000000,-0.058993002963407405,-0.004699152949274045,2.2879725319401544e-0
8,151000000,-0.03502706476652012,0.0021876495674357614,-0.0002156514269340932
8,156000000,-0.10752142215366588,0.005965955304793839,0.0001974952426297138
8,161000000,0.03454208799361796,0.0018327895086682922,-0.0001510483154360176
8,166000000,-0.04765561316340141,0.00370357427347228,0.0001333072958372595
8,171000000,-0.05200722215072495,0.021985416044286034,4.3588750422378246e-0
8,176000000,-0.09715646855362353,-0.01432563500176142,0.000227225718322987
8,181000000,-0.0016621268291997435,0.018594123520331428,-0.000234159125215607
8,186000000,-0.08551994042930093,-0.008043603236280108,-0.0002398821377115670
8,191000000,-0.034200589624483094,0.022582554214386444,0.0001290227629412440
8,196000000,-0.11461540159847003,0.003701311636956853,0.000132034515360353
8,201000000,0.06648759618909597,0.023064576382858134,9.397913578842875e-0
8,206000000,-0.04829536553354985,0.02415380877502743,0.0001865788959597853
8,211000000,-0.05658366159208043,-0.0021531546103697565,-0.000108957099955652
8,216000000,-0.06314445020853118,0.0010978297483511367,0.0001435769819885717
8,221000000,-0.0676606674485562,-0.01787629144343821,0.0002626727540912973
8,226000000,-0.08470402078243629,0.00300782626788802,0.0001763762541484865
8,231000000,-0.030591238013927248,0.004341398952127538,0.0002279047584053976
8,236000000,-0.04277679651991073,0.002721462834493068,-0.000145677622108425
8,241000000,-0.11140594877865669,-0.01934580147022639,-0.000537755798463998
8,246000000,0.02726599495349674,-0.0035519990979914185,-0.0001317174859876481
8,251000000,-0.0870325980815026,0.0014023080948679487,0.000295862963010623
8,256000000,-0.11091034766100072,0.02354972472018,0.0003097353653115138
8,261000000,0.009192545273891902,0.044380448650209056,-0.0001012093361262438
8,266000000,-0.04501453442742323,-0.003905248733071444,0.0002100191866027812
8,271000000,-0.130341166427979,0.04348102799192015,2.9606884399666305e-0
8,276000000,0.010001160318522486,-0.010944667378035296,-0.0001121350858630735
8,281000000,-0.1360480957296918,0.011157172052575678,-7.796303945717283e-0
8,286000000,0.03467731732422731,-0.024765294184096863,-1.0970388644806213e-0
8,291000000,-0.05156745710458475,-0.011253437194711665,-4.456708086523536e-0
8,296000000,-0.04291163870668892,0.006544711709356142,-0.000302425613025168
8,301000000,-0.05069614179511804,0.002680173117162508,-0.0003095662058457115
8,306000000,-0.14892544796231624,0.0032338593588233555,-0.000315396606147324
8,311000000,-0.011147171792567946,0.0018895315735620228,-6.863734936669175e-0
8,316000000,-0.12087902929153785,-0.00048179624606919415,0.0001518230249119568
8,321000000,0.0346389240192639,-0.007580242919047369,-6.85030423713197e-0
8,326000000,-0.14251392277638655,-0.009849279844263209,4.629011402969241e-0
8,331000000,-0.035482444258844344,0.0238454608838314,-0.0001216906849085415
8,336000000,-0.06722510286344752,-0.007448725176301011,-1.446220728526879e-0
8,341000000,-0.14179469709069206,-0.010931469632995187,0.000223615230601950
8,346000000,0.001391445507097298,-0.029841899888278425,0.0002875379755318026
8,351000000,-0.16923007069101692,-0.006353357110036425,0.000175290624401422
8,356000000,0.023234152739086782,0.02007488919849291,-0.0003024142495122476
8,361000000,-0.11662803783928713,0.004493217227976937,-0.000624254225542742
8,366000000,-0.05970207672254932,0.007671504961518364,-0.000153628030823721
8,371000000,0.021087657352905215,0.011971258233297843,-0.0001101734783381135
8,376000000,-0.1370358126015303,-0.0032392625820348315,8.795638685432935e-0
8,381000000,0.03199203350293747,0.00033446010705536996,0.0002331713417886179
8,386000000,-0.06420932036817249,-0.0023054310245235452,-0.0001706568677552411
8,391000000,-0.1381020834338921,0.037784340278446404,0.0002011084138791415
8,396000000,0.056851074476984946,0.01582147757390224,-4.177351839883784e-0
8,401000000,-0.13433935788978893,0.014657558965612758,3.983349721007041e-0
8,406000000,-0.05714453969991902,-0.001703622589267602,-2.4395795517529915e-0
8,411000000,0.03833663883819506,0.019799865942640715,9.785775013180309e-0
8,416000000,-0.13152400340475928,0.009262112091227116,0.000125034402186274
8,421000000,-0.0514231023692747,0.01881650944609719,-0.0001047136826773276
8,426000000,0.01944893948863942,0.02099100438397587,-0.0001896935959745013
8,431000000,-0.11260516838417803,-0.008208628895537631,4.812929536498577e-0
8,436000000,-0.015266595356548576,-0.004571193252834395,9.006653077418667e-0
8,441000000,0.018613851004825023,0.008075649486783546,-0.000326928241100087
8,446000000,-0.15672183015187635,-0.0034010653201236923,7.505655463000907e-0
8,451000000,0.03626377236302357,-0.002539416257140385,3.803623676143241e-0
8,456000000,-0.08945850102364969,-0.003932961970385667,7.913114099438846e-0
8,461000000,-0.12283697388518564,-0.011006535146203455,-0.000171264036715937
8,467000000,-0.02662394899935526,0.0026906326773269698,2.537686358249459e-0
8,472000000,-0.1156083409658209,0.0061186297758632265,5.6859962955606874e-0
8,477000000,-0.03146014774965797,0.022277649968694684,-0.0001393220924939974
8,482000000,0.019905800284172746,-0.0034098936695611303,9.107701207349555e-0
8,487000000,-0.13313517366242542,-0.018653174791370682,0.0001517231528806322
8,492000000,-0.00018650261188605296,0.0060619418902251995,0.000184278437534266
8,497000000,-0.13857639410897082,-0.010492190135152688,-0.000511698157007970
8,502000000,0.011181517840638564,0.0228530304089624,-0.0002853763766316160
8,507000000,-0.12403420199415263,-0.015110919084166577,0.000211507555778965
8,512000000,-0.05089254529519716,0.0077998781455663364,-0.0001306345207427007
8,517000000,0.0327820189928124,0.006074528612814608,-2.8828367920199355e-0
8,522000000,-0.15303098751502725,-0.013621126147822753,-0.0001857771271231872
8,527000000,0.004016963278281165,0.013630367522843074,0.000283940147621106
8,532000000,-0.0541436822596847,0.0180355783281941,-0.0001630293071107841
8,537000000,-0.11810047519103609,-0.01679296136883827,0.0001759521240015177
8,542000000,-0.006525400891551944,-0.003960513452172206,-0.0002329838380795140
8,547000000,-0.1592643459492997,0.017001430955859185,0.000563396595930468
8,552000000,-0.04236709155481338,0.025906090502876906,-0.0001249195827593915
8,557000000,0.012437740358222262,-0.009911441373170475,0.000122978195097736
8,562000000,-0.13251954052452564,0.0008920682032374146,4.6602880378478355e-0
8,567000000,-0.005072177796344713,-0.00303576305542356,-0.0001499640025447218
8,572000000,-0.03293070704671154,-0.0022754036537434704,4.5144762839759826e-0
8,577000000,-0.11971344298844164,-0.006905118229731669,-0.0002251653837305124
8,582000000,0.017759479789607888,0.007617306250536686,-0.000129781611842605
8,587000000,-0.04333559490738858,-0.017223226164020205,-0.000352691366929577
8,592000000,-0.15957335061482125,0.020027628939022966,-0.0001489688084149595
8,597000000,0.01007817588540319,-0.0008071393508427135,0.0001302132681661065
8,602000000,-0.10418424108984904,-0.03092321196516252,-0.000123844657363971
8,607000000,0.021773677122810302,0.011018757180124072,8.102051954886677e-0
8,612000000,-0.022201527109185396,-0.003739794414008508,-0.000345728334453004
8,617000000,-0.14150319899119757,0.03792176154964425,0.0001619446956689301
8,622000000,0.0013361065200338511,-0.011402341478829375,0.00020086012031971
8,627000000,-0.0566033506908366,0.020061636725066428,2.0174842566816434e-0
8,632000000,-0.07798308721032841,0.013770266986451975,-3.877423701307109e-0
8,637000000,-0.0943163433322012,-0.007335864322069466,-0.000297095263005373
8,642000000,0.00478458356204718,-0.005268680396055765,0.000170735537027091
8,647000000,-0.05655824137821805,0.01342807429526691,6.155991404122408e-0
8,652000000,-0.11738731261001878,0.0033205017660927674,9.595494422918256e-0
8,657000000,0.0529801213522494,-0.008748220964064659,0.0002277634211201431
8,662000000,-0.05848934420418716,0.020035501405888133,5.1152681929020534e-0
8,667000000,-0.12166276385705724,0.011682597739149665,0.0001055544273828258
8,672000000,0.029960828731027442,-0.003865134745517111,-0.0001595441592012142
8,677000000,-0.08230620747874068,-0.01664911083339192,-4.547557450606996e-0
8,682000000,-0.134471903362675,-0.010621787759363802,0.000186132513801881
8,687000000,0.0429974841466472,-0.00040596918115040235,3.055040741643451e-0
8,692000000,-0.09225949239000941,0.004178690211055839,-7.925747625962035e-0
8,697000000,-0.07949350518127626,-0.01926720853541539,-0.000398862300234796
8,702000000,-0.005284493713455098,-0.026123918777493586,-0.000259507323074457
8,707000000,-0.03438855657077504,0.01495076028638837,-9.58875979996185e-0
8,712000000,-0.04433874222708501,0.011214499130432603,3.180839426258208e-0
8,717000000,-0.030155012777691642,-0.015897876838086404,-3.0673034817757695e-0
8,722000000,-0.050936286797660116,0.017792138723972766,6.339074035512866e-0
8,727000000,-0.12180792257843306,-0.015636369710938965,-0.0002063088930019287
8,732000000,0.009006512498645852,-0.024697773555114794,0.000147255949812960
8,737000000,-0.07130039628611803,-0.020848398030559157,-9.43533089340447e-0
8,742000000,-0.11382339281613074,0.0006796014348591757,-0.0002629860635011514
8,747000000,0.009787349411044538,0.015947394930347827,7.058421539211568e-0
8,752000000,-0.06651025921147789,-0.017543856558024505,0.0001822736153436975
8,757000000,-0.11366419794024706,-0.0008333407516417812,0.0002235315718649452
8,762000000,-0.016412713821683314,0.03179970785909721,-5.133678964526688e-0
8,767000000,-0.03470465298914203,-0.001168990688206187,-0.0001039807446165973
8,772000000,-0.11638917993640334,-0.006196175957284656,-0.0001301952874608533
8,777000000,0.038461574910106586,0.01450619520172072,0.000220243260859968
8,782000000,-0.03691368769119688,-0.004840725080669902,6.666816075815735e-0
8,787000000,-0.11918956828313235,-0.0024863086252819907,-0.0003060670000544353
8,792000000,0.018338907981970486,-0.005130728190866031,1.997867254261362e-0
8,797000000,-0.061371399022775185,0.007998323699757389,-6.372942469738654e-0
8,802000000,-0.1284098238848218,-0.01817734280462038,-5.507879825493604e-0
8,807000000,0.004483848770553311,-0.021146910894188777,0.0001020823904138639
8,812000000,-0.057227947799782755,-0.019090481783756337,-0.0002188513991175035
8,817000000,-0.014906539560097576,0.029715883897240888,0.0003993221065971297
8,822000000,-0.04933197738464947,0.04769816292512795,3.6820793016528485e-0
8,827000000,-0.11244208839892315,0.003289851326706921,2.791658204204833e-0
8,832000000,-0.006756379051203663,0.008778048368694509,-0.0002792748387881706
8,837000000,-0.06368298147682672,-0.007934969967045355,6.157904525128022e-0
8,842000000,-0.12590772978495562,0.019268202515864002,7.039516840223831e-0
8,847000000,0.01626339845891018,0.019745541072576322,6.413612956254546e-0
8,852000000,-0.11672849117334702,0.017006480958377646,0.000143641527772423
8,857000000,-0.004860115614514609,0.02684993162950086,0.0002077323326692035
8,862000000,-0.07686310299875936,-0.00093535471363365,0.0004201559386541076
8,867000000,-0.13979486006718847,-0.022900164267545563,0.0002557386767826947
8,872000000,0.012251681680312862,0.029195420560891083,0.000227546517094425
8,877000000,-0.0687129909082985,0.022130374370749266,-3.028219167028711e-0
8,882000000,-0.10185997325441447,0.022726307651951688,-0.0001097196023211590
8,887000000,0.01064813294080201,-0.0023730398190955865,0.0001926039236885096
8,892000000,-0.13873121555069004,-0.0037825903241936816,-0.0001053456273660737
8,897000000,0.007321808202043716,-0.0025321802190078637,-4.833708381878951e-0
8,902000000,-0.066781914479844,0.011763205568798797,2.6293730298546755e-0
8,907000000,-0.1435944441174246,0.00809872273828568,-0.000500746569963273
8,912000000,0.035087997590599364,0.002133804531487363,-0.000289448747995996
8,917000000,-0.12903266567094634,-0.008848037522692996,0.000346619783741570
8,922000000,-0.05760990976937561,0.022366258814027387,0.0003695668847037925
8,927000000,0.010241301621070557,0.003067980711250638,-2.139584773486274e-0
8,932000000,-0.16189262401080373,0.004939291435634144,-1.4526745494508034e-0
8,937000000,0.009726408538163785,0.007581593180351626,-0.000205335671326343
8,942000000,-0.0444225230643974,0.011054373266847592,-0.0001259003217965285
8,947000000,-0.11945477774088392,-0.018888165824753663,7.920476208210204e-0
8,952000000,0.009262493530720856,0.006563418664031773,0.000165738294071215
8,957000000,-0.14359532090592667,-0.011854314634637254,2.2771436278313177e-0
8,962000000,0.04702515175833913,-0.010066779862972195,-0.0003804471286866199
8,967000000,-0.06949775526448426,0.0023790754206380205,7.508119318201149e-0
8,972000000,-0.09904509141088438,-0.007739542824843786,-5.5916968452297284e-0
8,977000000,0.028694417987501167,-0.015379225750469492,5.7738419663009654e-0
8,982000000,-0.127844934289774,0.021937219410255098,-0.00035437692965041
8,987000000,0.040412412559581515,-0.04470416378240612,0.000315542391664361
8,992000000,-0.18272329024862766,0.020844833903976748,-9.490884685962048e-0
8,997000000,-0.10531617706122891,-0.03659083446377524,-7.00951652962419e-0
9,2000000,0.0285535238287599,0.03803851687501151,0.0001803615750863466
9,7000000,-0.13087492791038083,-0.0011583262100572154,0.000469154718175012
9,12000000,0.06590675776220792,0.003857061817973068,-0.0001313299978433885
9,17000000,-0.1391214817931621,-0.019043807081130754,0.0002710246313852132
9,22000000,0.01974077698212104,0.005799733702561477,0.000275444258980156
9,27000000,-0.09122565120175012,0.009435589794572452,0.000179407347394475
9,32000000,-0.12931285724845368,0.0012515477833647077,-0.0001777019676405259
9,37000000,0.01995357117389264,0.018884021089559104,-0.0003007218570558685
9,42000000,-0.15294856517419048,0.011640072304159123,-2.03098072262826e-0
9,47000000,0.0546256868921237,0.012000995104160889,-8.475060507558633e-0
9,52000000,-0.08412910700861388,0.031638977090227546,-1.3114503344057857e-0
9,57000000,-0.13583935912653541,0.005888110896405457,-1.1767814090062563e-0
9,62000000,0.05446304928741036,0.008271647537973546,0.000493337553522281
9,67000000,-0.13257817138429237,0.006912938533771595,-0.0003690488709528735
9,72000000,0.018408400946191072,0.022228807511406483,-5.454232668312863e-0
9,77000000,-0.16375200057457318,0.029528707003906435,3.233872572923605e-0
9,82000000,0.05012746236577258,-0.009609500484743561,-0.000285682979347957
9,87000000,-0.03594858394633668,-0.00020436348870524765,-0.0001379369590250931
9,92000000,-0.12901100847149996,0.02138422492215468,0.0004461128235823542
9,97000000,0.0199331708345375,0.004056901419381897,6.65092018655247e-0
9,102000000,-0.06769642855905768,-0.016910571901547912,2.776742639960274e-0
9,107000000,-0.10948101992610576,-0.0037720621662736217,-0.0003885132348426051
9,112000000,-0.01503332131189802,0.01187196911061783,-0.0001958150416061717
9,117000000,-0.1592219816233475,0.009523981611232853,0.0002021217350418893
9,122000000,0.030261472219718047,-0.0227509848510279,0.000148550608472932
9,127000000,-0.14261126598642376,-0.005302424636431426,-0.0001290077494416163
9,132000000,0.009336111751056286,-0.005922048348021602,3.763926113800347e-0
9,137000000,-0.04727833838821768,0.026797739975171778,-0.0001198316892227499
9,142000000,-0.13042820218354684,0.009749109886838542,0.0002327631901887380
9,147000000,0.01220356684793263,-0.0232394413376887,-5.765811507213267e-0
9,152000000,-0.09417381662638742,-0.016537275678127624,-0.000148298287640699
9,157000000,-0.10739522247256504,0.0035924424710096926,0.0002360396993420011
9,162000000,-0.005084759668834916,0.013326279143203308,-0.000230417596895392
9,167000000,-0.1263946160486372,-0.0033229204728867047,7.56609986855748e-0
9,172000000,-0.015821806201080126,-0.03481031387844565,-2.382832707670698e-0
9,177000000,-0.03307653867116345,-0.018266887399144453,-0.0002121300612451962
9,182000000,-0.12957059498003373,0.02638399846259156,-2.04898284916433e-0
9,187000000,0.05534920633763466,0.03273818552533927,-0.000403438598776570
9,192000000,-0.08139503686777438,-0.00218824574331634,0.0002800840020823757
9,197000000,-0.16453901673255555,0.017937387640627155,0.0001827678510118124
9,202000000,0.02195492972075422,0.009165293502447837,-8.825621232615243e-0
9,207000000,-0.10074943633131994,0.002077339091448958,-0.0001214330748025524
9,212000000,0.03914579008151831,0.02756525165172694,0.00033849024912887
9,217000000,-0.08648870739195853,-0.013467065054453144,-0.0001443267922758248
9,222000000,-0.12003701653254692,-0.03306117302378933,4.462456475359311e-0
9,227000000,0.029599796556605707,0.00020441228040975646,2.8817998265413443e-0
9,232000000,-0.05225817849989467,-0.015967013746856572,-0.0001190757480503140
9,237000000,-0.07789286111708946,-0.01531677782342969,0.0003661859346308433
9,242000000,-0.06711799106681392,-0.05701687343893462,-0.000293581883483502
9,247000000,-0.1207430179926252,0.017473590183463856,-6.105869414232254e-0
9,252000000,0.021241694218596455,0.00874777021257294,-0.0001062982073066485
9,257000000,-0.06400163329793812,0.015185034190563655,-1.3158757076524154e-0
9,262000000,-0.10968571684130526,0.0068719009674600125,-7.427296276657048e-0
9,267000000,0.051133392739421635,-0.024690291408208203,0.000246495998889295
9,272000000,-0.14518058738627165,0.01196648101200976,0.0003975307772885
9,277000000,0.007780472976355026,-0.004548978988747617,0.0001294996938529703
9,282000000,-0.049318784249088914,0.0031099744274685594,3.688911803369323e-0
9,287000000,-0.11352824095583691,0.003492166222950942,5.586225876725305e-0
9,292000000,0.008614754895309572,-0.00504538345703339,-1.3478181494478165e-0
9,297000000,-0.08430479420378602,-0.01586510777898735,0.000357357796324733
9,302000000,-0.05098867647135236,-0.02104511566513258,-7.795219055342248e-0
9,307000000,-0.06615100614906856,0.01999500247977095,-0.000317097872190149
9,312000000,-0.12785824187186529,0.01504097210853378,-6.032096085569369e-0
